experiment_id,model,protocol,test_batch,gas_class,precision,recall,f1,support
BASE-FIXED-C1-001,MODEL-C1,FIXED_ORIGIN_B1,2,1,0.42021276595744683,0.9634146341463414,0.5851851851851851,164
BASE-FIXED-C1-001,MODEL-C1,FIXED_ORIGIN_B1,2,2,0.9873015873015873,0.9311377245508982,0.9583975346687211,334
BASE-FIXED-C1-001,MODEL-C1,FIXED_ORIGIN_B1,2,3,0.9459459459459459,0.7,0.8045977011494253,100
BASE-FIXED-C1-001,MODEL-C1,FIXED_ORIGIN_B1,2,4,0.0,0.0,0.0,109
BASE-FIXED-C1-001,MODEL-C1,FIXED_ORIGIN_B1,2,5,1.0,0.881578947368421,0.9370629370629371,532
BASE-FIXED-C1-001,MODEL-C1,FIXED_ORIGIN_B1,2,6,0.5555555555555556,1.0,0.7142857142857143,5
BASE-FIXED-C1-001,MODEL-C1,FIXED_ORIGIN_B1,3,1,0.4304878048780488,0.9671232876712329,0.5957805907172996,365
BASE-FIXED-C1-001,MODEL-C1,FIXED_ORIGIN_B1,3,2,0.8404802744425386,1.0,0.9133271202236719,490
BASE-FIXED-C1-001,MODEL-C1,FIXED_ORIGIN_B1,3,3,0.8461538461538461,0.05092592592592592,0.09606986899563319,216
BASE-FIXED-C1-001,MODEL-C1,FIXED_ORIGIN_B1,3,4,0.0,0.0,0.0,240
BASE-FIXED-C1-001,MODEL-C1,FIXED_ORIGIN_B1,3,5,1.0,0.5236363636363637,0.6873508353221957,275
BASE-FIXED-C1-001,MODEL-C1,FIXED_ORIGIN_B1,3,6,0.0,0.0,0.0,0
BASE-FIXED-C1-001,MODEL-C1,FIXED_ORIGIN_B1,4,1,0.589041095890411,0.671875,0.6277372262773723,64
BASE-FIXED-C1-001,MODEL-C1,FIXED_ORIGIN_B1,4,2,0.5060240963855421,0.9767441860465116,0.6666666666666666,43
BASE-FIXED-C1-001,MODEL-C1,FIXED_ORIGIN_B1,4,3,1.0,0.16666666666666666,0.2857142857142857,12
BASE-FIXED-C1-001,MODEL-C1,FIXED_ORIGIN_B1,4,4,0.0,0.0,0.0,30
BASE-FIXED-C1-001,MODEL-C1,FIXED_ORIGIN_B1,4,5,0.0,0.0,0.0,12
BASE-FIXED-C1-001,MODEL-C1,FIXED_ORIGIN_B1,4,6,0.0,0.0,0.0,0
BASE-FIXED-C1-001,MODEL-C1,FIXED_ORIGIN_B1,5,1,0.1830065359477124,1.0,0.30939226519337015,28
BASE-FIXED-C1-001,MODEL-C1,FIXED_ORIGIN_B1,5,2,0.9512195121951219,0.975,0.9629629629629629,40
BASE-FIXED-C1-001,MODEL-C1,FIXED_ORIGIN_B1,5,3,1.0,0.1,0.18181818181818182,20
BASE-FIXED-C1-001,MODEL-C1,FIXED_ORIGIN_B1,5,4,0.0,0.0,0.0,46
BASE-FIXED-C1-001,MODEL-C1,FIXED_ORIGIN_B1,5,5,0.0,0.0,0.0,63
BASE-FIXED-C1-001,MODEL-C1,FIXED_ORIGIN_B1,5,6,0.0,0.0,0.0,0
BASE-FIXED-C1-001,MODEL-C1,FIXED_ORIGIN_B1,6,1,0.3797564687975647,0.9708171206225681,0.5459518599562363,514
BASE-FIXED-C1-001,MODEL-C1,FIXED_ORIGIN_B1,6,2,0.7860082304526749,0.9982578397212544,0.8795088257866462,574
BASE-FIXED-C1-001,MODEL-C1,FIXED_ORIGIN_B1,6,3,0.00392156862745098,0.00909090909090909,0.005479452054794521,110
BASE-FIXED-C1-001,MODEL-C1,FIXED_ORIGIN_B1,6,4,0.0,0.0,0.0,29
BASE-FIXED-C1-001,MODEL-C1,FIXED_ORIGIN_B1,6,5,0.0,0.0,0.0,606
BASE-FIXED-C1-001,MODEL-C1,FIXED_ORIGIN_B1,6,6,0.0,0.0,0.0,467
BASE-FIXED-C1-001,MODEL-C1,FIXED_ORIGIN_B1,7,1,0.3179813816756492,1.0,0.48252788104089217,649
BASE-FIXED-C1-001,MODEL-C1,FIXED_ORIGIN_B1,7,2,0.5762859633827376,0.9984894259818731,0.7307904919845218,662
BASE-FIXED-C1-001,MODEL-C1,FIXED_ORIGIN_B1,7,3,0.5788235294117647,0.6833333333333333,0.6267515923566879,360
BASE-FIXED-C1-001,MODEL-C1,FIXED_ORIGIN_B1,7,4,0.0,0.0,0.0,744
BASE-FIXED-C1-001,MODEL-C1,FIXED_ORIGIN_B1,7,5,0.0,0.0,0.0,630
BASE-FIXED-C1-001,MODEL-C1,FIXED_ORIGIN_B1,7,6,0.0,0.0,0.0,568
BASE-FIXED-C1-001,MODEL-C1,FIXED_ORIGIN_B1,8,1,0.16666666666666666,1.0,0.2857142857142857,30
BASE-FIXED-C1-001,MODEL-C1,FIXED_ORIGIN_B1,8,2,0.9354838709677419,0.9666666666666667,0.9508196721311475,30
BASE-FIXED-C1-001,MODEL-C1,FIXED_ORIGIN_B1,8,3,0.43209876543209874,0.875,0.5785123966942148,40
BASE-FIXED-C1-001,MODEL-C1,FIXED_ORIGIN_B1,8,4,1.0,0.030303030303030304,0.058823529411764705,33
BASE-FIXED-C1-001,MODEL-C1,FIXED_ORIGIN_B1,8,5,0.0,0.0,0.0,143
BASE-FIXED-C1-001,MODEL-C1,FIXED_ORIGIN_B1,8,6,1.0,0.05555555555555555,0.10526315789473684,18
BASE-FIXED-C1-001,MODEL-C1,FIXED_ORIGIN_B1,9,1,0.24497991967871485,1.0,0.3935483870967742,61
BASE-FIXED-C1-001,MODEL-C1,FIXED_ORIGIN_B1,9,2,0.0,0.0,0.0,55
BASE-FIXED-C1-001,MODEL-C1,FIXED_ORIGIN_B1,9,3,0.45454545454545453,1.0,0.625,100
BASE-FIXED-C1-001,MODEL-C1,FIXED_ORIGIN_B1,9,4,0.0,0.0,0.0,75
BASE-FIXED-C1-001,MODEL-C1,FIXED_ORIGIN_B1,9,5,0.0,0.0,0.0,78
BASE-FIXED-C1-001,MODEL-C1,FIXED_ORIGIN_B1,9,6,0.0,0.0,0.0,101
BASE-FIXED-C1-001,MODEL-C1,FIXED_ORIGIN_B1,10,1,0.25527335342229873,0.9883333333333333,0.4057475196715703,600
BASE-FIXED-C1-001,MODEL-C1,FIXED_ORIGIN_B1,10,2,0.5991058122205664,0.67,0.6325727773406766,600
BASE-FIXED-C1-001,MODEL-C1,FIXED_ORIGIN_B1,10,3,0.5850694444444444,0.5616666666666666,0.5731292517006803,600
BASE-FIXED-C1-001,MODEL-C1,FIXED_ORIGIN_B1,10,4,0.0,0.0,0.0,600
BASE-FIXED-C1-001,MODEL-C1,FIXED_ORIGIN_B1,10,5,0.8,0.013333333333333334,0.02622950819672131,600
BASE-FIXED-C1-001,MODEL-C1,FIXED_ORIGIN_B1,10,6,0.3684210526315789,0.011666666666666667,0.022617124394184167,600
BASE-FIXED-C2-001,MODEL-C2,FIXED_ORIGIN_B1,2,1,0.3409090909090909,0.7317073170731707,0.46511627906976744,164
BASE-FIXED-C2-001,MODEL-C2,FIXED_ORIGIN_B1,2,2,0.9623188405797102,0.9940119760479041,0.9779086892488954,334
BASE-FIXED-C2-001,MODEL-C2,FIXED_ORIGIN_B1,2,3,0.9615384615384616,1.0,0.9803921568627451,100
BASE-FIXED-C2-001,MODEL-C2,FIXED_ORIGIN_B1,2,4,0.0,0.0,0.0,109
BASE-FIXED-C2-001,MODEL-C2,FIXED_ORIGIN_B1,2,5,1.0,0.5958646616541353,0.7467608951707891,532
BASE-FIXED-C2-001,MODEL-C2,FIXED_ORIGIN_B1,2,6,0.7142857142857143,1.0,0.8333333333333334,5
BASE-FIXED-C2-001,MODEL-C2,FIXED_ORIGIN_B1,3,1,0.496551724137931,0.9863013698630136,0.6605504587155964,365
BASE-FIXED-C2-001,MODEL-C2,FIXED_ORIGIN_B1,3,2,0.989406779661017,0.9530612244897959,0.9708939708939709,490
BASE-FIXED-C2-001,MODEL-C2,FIXED_ORIGIN_B1,3,3,0.8429752066115702,0.9444444444444444,0.8908296943231441,216
BASE-FIXED-C2-001,MODEL-C2,FIXED_ORIGIN_B1,3,4,0.0,0.0,0.0,240
BASE-FIXED-C2-001,MODEL-C2,FIXED_ORIGIN_B1,3,5,1.0,0.4218181818181818,0.5933503836317136,275
BASE-FIXED-C2-001,MODEL-C2,FIXED_ORIGIN_B1,3,6,0.0,0.0,0.0,0
BASE-FIXED-C2-001,MODEL-C2,FIXED_ORIGIN_B1,4,1,0.5384615384615384,0.65625,0.5915492957746479,64
BASE-FIXED-C2-001,MODEL-C2,FIXED_ORIGIN_B1,4,2,0.9523809523809523,0.9302325581395349,0.9411764705882353,43
BASE-FIXED-C2-001,MODEL-C2,FIXED_ORIGIN_B1,4,3,0.2857142857142857,0.8333333333333334,0.425531914893617,12
BASE-FIXED-C2-001,MODEL-C2,FIXED_ORIGIN_B1,4,4,0.0,0.0,0.0,30
BASE-FIXED-C2-001,MODEL-C2,FIXED_ORIGIN_B1,4,5,1.0,0.5,0.6666666666666666,12
BASE-FIXED-C2-001,MODEL-C2,FIXED_ORIGIN_B1,4,6,0.0,0.0,0.0,0
BASE-FIXED-C2-001,MODEL-C2,FIXED_ORIGIN_B1,5,1,0.20437956204379562,1.0,0.3393939393939394,28
BASE-FIXED-C2-001,MODEL-C2,FIXED_ORIGIN_B1,5,2,1.0,1.0,1.0,40
BASE-FIXED-C2-001,MODEL-C2,FIXED_ORIGIN_B1,5,3,1.0,0.85,0.918918918918919,20
BASE-FIXED-C2-001,MODEL-C2,FIXED_ORIGIN_B1,5,4,0.0,0.0,0.0,46
BASE-FIXED-C2-001,MODEL-C2,FIXED_ORIGIN_B1,5,5,0.0,0.0,0.0,63
BASE-FIXED-C2-001,MODEL-C2,FIXED_ORIGIN_B1,5,6,0.0,0.0,0.0,0
BASE-FIXED-C2-001,MODEL-C2,FIXED_ORIGIN_B1,6,1,0.30668257756563244,1.0,0.4694063926940639,514
BASE-FIXED-C2-001,MODEL-C2,FIXED_ORIGIN_B1,6,2,1.0,0.8937282229965157,0.9438822447102115,574
BASE-FIXED-C2-001,MODEL-C2,FIXED_ORIGIN_B1,6,3,0.8648648648648649,0.8727272727272727,0.8687782805429864,110
BASE-FIXED-C2-001,MODEL-C2,FIXED_ORIGIN_B1,6,4,0.0,0.0,0.0,29
BASE-FIXED-C2-001,MODEL-C2,FIXED_ORIGIN_B1,6,5,0.0,0.0,0.0,606
BASE-FIXED-C2-001,MODEL-C2,FIXED_ORIGIN_B1,6,6,0.0,0.0,0.0,467
BASE-FIXED-C2-001,MODEL-C2,FIXED_ORIGIN_B1,7,1,0.26581231914014053,0.9907550077041603,0.41916558018252936,649
BASE-FIXED-C2-001,MODEL-C2,FIXED_ORIGIN_B1,7,2,0.8094488188976378,0.7764350453172205,0.7925983037779492,662
BASE-FIXED-C2-001,MODEL-C2,FIXED_ORIGIN_B1,7,3,0.5420393559928444,0.8416666666666667,0.6594124047878128,360
BASE-FIXED-C2-001,MODEL-C2,FIXED_ORIGIN_B1,7,4,0.0,0.0,0.0,744
BASE-FIXED-C2-001,MODEL-C2,FIXED_ORIGIN_B1,7,5,0.0,0.0,0.0,630
BASE-FIXED-C2-001,MODEL-C2,FIXED_ORIGIN_B1,7,6,0.0,0.0,0.0,568
BASE-FIXED-C2-001,MODEL-C2,FIXED_ORIGIN_B1,8,1,0.14871794871794872,0.9666666666666667,0.2577777777777778,30
BASE-FIXED-C2-001,MODEL-C2,FIXED_ORIGIN_B1,8,2,0.6666666666666666,0.13333333333333333,0.2222222222222222,30
BASE-FIXED-C2-001,MODEL-C2,FIXED_ORIGIN_B1,8,3,0.41935483870967744,0.975,0.5864661654135338,40
BASE-FIXED-C2-001,MODEL-C2,FIXED_ORIGIN_B1,8,4,0.0,0.0,0.0,33
BASE-FIXED-C2-001,MODEL-C2,FIXED_ORIGIN_B1,8,5,0.0,0.0,0.0,143
BASE-FIXED-C2-001,MODEL-C2,FIXED_ORIGIN_B1,8,6,0.0,0.0,0.0,18
BASE-FIXED-C2-001,MODEL-C2,FIXED_ORIGIN_B1,9,1,0.2147887323943662,1.0,0.3536231884057971,61
BASE-FIXED-C2-001,MODEL-C2,FIXED_ORIGIN_B1,9,2,1.0,0.6727272727272727,0.8043478260869565,55
BASE-FIXED-C2-001,MODEL-C2,FIXED_ORIGIN_B1,9,3,0.6711409395973155,1.0,0.8032128514056225,100
BASE-FIXED-C2-001,MODEL-C2,FIXED_ORIGIN_B1,9,4,0.0,0.0,0.0,75
BASE-FIXED-C2-001,MODEL-C2,FIXED_ORIGIN_B1,9,5,0.0,0.0,0.0,78
BASE-FIXED-C2-001,MODEL-C2,FIXED_ORIGIN_B1,9,6,0.0,0.0,0.0,101
BASE-FIXED-C2-001,MODEL-C2,FIXED_ORIGIN_B1,10,1,0.2822458270106222,0.93,0.4330616996507567,600
BASE-FIXED-C2-001,MODEL-C2,FIXED_ORIGIN_B1,10,2,0.3800813008130081,0.6233333333333333,0.4722222222222222,600
BASE-FIXED-C2-001,MODEL-C2,FIXED_ORIGIN_B1,10,3,0.6708860759493671,0.35333333333333333,0.462882096069869,600
BASE-FIXED-C2-001,MODEL-C2,FIXED_ORIGIN_B1,10,4,0.0,0.0,0.0,600
BASE-FIXED-C2-001,MODEL-C2,FIXED_ORIGIN_B1,10,5,0.7727272727272727,0.11333333333333333,0.19767441860465115,600
BASE-FIXED-C2-001,MODEL-C2,FIXED_ORIGIN_B1,10,6,0.0,0.0,0.0,600
BASE-FIXED-C3-001,MODEL-C3,FIXED_ORIGIN_B1,2,1,0.41046831955922863,0.9085365853658537,0.5654648956356736,164
BASE-FIXED-C3-001,MODEL-C3,FIXED_ORIGIN_B1,2,2,1.0,0.9281437125748503,0.9627329192546584,334
BASE-FIXED-C3-001,MODEL-C3,FIXED_ORIGIN_B1,2,3,0.7194244604316546,1.0,0.8368200836820083,100
BASE-FIXED-C3-001,MODEL-C3,FIXED_ORIGIN_B1,2,4,0.009615384615384616,0.009174311926605505,0.009389671361502348,109
BASE-FIXED-C3-001,MODEL-C3,FIXED_ORIGIN_B1,2,5,1.0,0.6127819548872181,0.7599067599067599,532
BASE-FIXED-C3-001,MODEL-C3,FIXED_ORIGIN_B1,2,6,0.5,0.2,0.2857142857142857,5
BASE-FIXED-C3-001,MODEL-C3,FIXED_ORIGIN_B1,3,1,0.3377630121816168,0.8356164383561644,0.4810725552050473,365
BASE-FIXED-C3-001,MODEL-C3,FIXED_ORIGIN_B1,3,2,0.9975903614457832,0.8448979591836735,0.9149171270718232,490
BASE-FIXED-C3-001,MODEL-C3,FIXED_ORIGIN_B1,3,3,0.032679738562091505,0.023148148148148147,0.02710027100271003,216
BASE-FIXED-C3-001,MODEL-C3,FIXED_ORIGIN_B1,3,4,0.0,0.0,0.0,240
BASE-FIXED-C3-001,MODEL-C3,FIXED_ORIGIN_B1,3,5,1.0,0.38545454545454544,0.5564304461942258,275
BASE-FIXED-C3-001,MODEL-C3,FIXED_ORIGIN_B1,3,6,0.0,0.0,0.0,0
BASE-FIXED-C3-001,MODEL-C3,FIXED_ORIGIN_B1,4,1,0.3829787234042553,0.28125,0.32432432432432434,64
BASE-FIXED-C3-001,MODEL-C3,FIXED_ORIGIN_B1,4,2,0.7450980392156863,0.8837209302325582,0.8085106382978723,43
BASE-FIXED-C3-001,MODEL-C3,FIXED_ORIGIN_B1,4,3,0.031746031746031744,0.16666666666666666,0.05333333333333334,12
BASE-FIXED-C3-001,MODEL-C3,FIXED_ORIGIN_B1,4,4,0.0,0.0,0.0,30
BASE-FIXED-C3-001,MODEL-C3,FIXED_ORIGIN_B1,4,5,0.0,0.0,0.0,12
BASE-FIXED-C3-001,MODEL-C3,FIXED_ORIGIN_B1,4,6,0.0,0.0,0.0,0
BASE-FIXED-C3-001,MODEL-C3,FIXED_ORIGIN_B1,5,1,0.09558823529411764,0.4642857142857143,0.15853658536585366,28
BASE-FIXED-C3-001,MODEL-C3,FIXED_ORIGIN_B1,5,2,0.8928571428571429,0.625,0.7352941176470589,40
BASE-FIXED-C3-001,MODEL-C3,FIXED_ORIGIN_B1,5,3,0.0,0.0,0.0,20
BASE-FIXED-C3-001,MODEL-C3,FIXED_ORIGIN_B1,5,4,0.0,0.0,0.0,46
BASE-FIXED-C3-001,MODEL-C3,FIXED_ORIGIN_B1,5,5,0.0,0.0,0.0,63
BASE-FIXED-C3-001,MODEL-C3,FIXED_ORIGIN_B1,5,6,0.0,0.0,0.0,0
BASE-FIXED-C3-001,MODEL-C3,FIXED_ORIGIN_B1,6,1,0.2075149444918873,0.4727626459143969,0.2884272997032641,514
BASE-FIXED-C3-001,MODEL-C3,FIXED_ORIGIN_B1,6,2,0.5755053507728894,0.8432055749128919,0.6840989399293286,574
BASE-FIXED-C3-001,MODEL-C3,FIXED_ORIGIN_B1,6,3,0.003472222222222222,0.00909090909090909,0.005025125628140704,110
BASE-FIXED-C3-001,MODEL-C3,FIXED_ORIGIN_B1,6,4,0.0,0.0,0.0,29
BASE-FIXED-C3-001,MODEL-C3,FIXED_ORIGIN_B1,6,5,0.0,0.0,0.0,606
BASE-FIXED-C3-001,MODEL-C3,FIXED_ORIGIN_B1,6,6,0.0,0.0,0.0,467
BASE-FIXED-C3-001,MODEL-C3,FIXED_ORIGIN_B1,7,1,0.19903339191564148,0.6979969183359014,0.30974358974358973,649
BASE-FIXED-C3-001,MODEL-C3,FIXED_ORIGIN_B1,7,2,0.5270618556701031,0.6178247734138973,0.56884561891516,662
BASE-FIXED-C3-001,MODEL-C3,FIXED_ORIGIN_B1,7,3,0.5472370766488414,0.8527777777777777,0.6666666666666666,360
BASE-FIXED-C3-001,MODEL-C3,FIXED_ORIGIN_B1,7,4,0.0,0.0,0.0,744
BASE-FIXED-C3-001,MODEL-C3,FIXED_ORIGIN_B1,7,5,0.0,0.0,0.0,630
BASE-FIXED-C3-001,MODEL-C3,FIXED_ORIGIN_B1,7,6,0.0,0.0,0.0,568
BASE-FIXED-C3-001,MODEL-C3,FIXED_ORIGIN_B1,8,1,0.12658227848101267,1.0,0.2247191011235955,30
BASE-FIXED-C3-001,MODEL-C3,FIXED_ORIGIN_B1,8,2,0.0,0.0,0.0,30
BASE-FIXED-C3-001,MODEL-C3,FIXED_ORIGIN_B1,8,3,0.5454545454545454,0.75,0.631578947368421,40
BASE-FIXED-C3-001,MODEL-C3,FIXED_ORIGIN_B1,8,4,0.0,0.0,0.0,33
BASE-FIXED-C3-001,MODEL-C3,FIXED_ORIGIN_B1,8,5,0.0,0.0,0.0,143
BASE-FIXED-C3-001,MODEL-C3,FIXED_ORIGIN_B1,8,6,0.0,0.0,0.0,18
BASE-FIXED-C3-001,MODEL-C3,FIXED_ORIGIN_B1,9,1,0.23735408560311283,1.0,0.3836477987421384,61
BASE-FIXED-C3-001,MODEL-C3,FIXED_ORIGIN_B1,9,2,0.0,0.0,0.0,55
BASE-FIXED-C3-001,MODEL-C3,FIXED_ORIGIN_B1,9,3,0.4694835680751174,1.0,0.6389776357827476,100
BASE-FIXED-C3-001,MODEL-C3,FIXED_ORIGIN_B1,9,4,0.0,0.0,0.0,75
BASE-FIXED-C3-001,MODEL-C3,FIXED_ORIGIN_B1,9,5,0.0,0.0,0.0,78
BASE-FIXED-C3-001,MODEL-C3,FIXED_ORIGIN_B1,9,6,0.0,0.0,0.0,101
BASE-FIXED-C3-001,MODEL-C3,FIXED_ORIGIN_B1,10,1,0.247320692497939,1.0,0.3965631196298744,600
BASE-FIXED-C3-001,MODEL-C3,FIXED_ORIGIN_B1,10,2,0.9633333333333334,0.4816666666666667,0.6422222222222222,600
BASE-FIXED-C3-001,MODEL-C3,FIXED_ORIGIN_B1,10,3,0.6355013550135501,0.7816666666666666,0.7010463378176383,600
BASE-FIXED-C3-001,MODEL-C3,FIXED_ORIGIN_B1,10,4,0.0,0.0,0.0,600
BASE-FIXED-C3-001,MODEL-C3,FIXED_ORIGIN_B1,10,5,0.9859154929577465,0.11666666666666667,0.20864381520119224,600
BASE-FIXED-C3-001,MODEL-C3,FIXED_ORIGIN_B1,10,6,0.639344262295082,0.065,0.11800302571860817,600
BASE-FIXED-C4-001,MODEL-C4,FIXED_ORIGIN_B1,2,1,0.5234899328859061,0.9512195121951219,0.6753246753246753,164
BASE-FIXED-C4-001,MODEL-C4,FIXED_ORIGIN_B1,2,2,0.984472049689441,0.9491017964071856,0.9664634146341463,334
BASE-FIXED-C4-001,MODEL-C4,FIXED_ORIGIN_B1,2,3,0.9803921568627451,1.0,0.9900990099009901,100
BASE-FIXED-C4-001,MODEL-C4,FIXED_ORIGIN_B1,2,4,0.0,0.0,0.0,109
BASE-FIXED-C4-001,MODEL-C4,FIXED_ORIGIN_B1,2,5,0.99800796812749,0.9417293233082706,0.9690522243713733,532
BASE-FIXED-C4-001,MODEL-C4,FIXED_ORIGIN_B1,2,6,0.45454545454545453,1.0,0.625,5
BASE-FIXED-C4-001,MODEL-C4,FIXED_ORIGIN_B1,3,1,0.5209840810419681,0.9863013698630136,0.6818181818181818,365
BASE-FIXED-C4-001,MODEL-C4,FIXED_ORIGIN_B1,3,2,0.9979591836734694,0.9979591836734694,0.9979591836734694,490
BASE-FIXED-C4-001,MODEL-C4,FIXED_ORIGIN_B1,3,3,0.9321266968325792,0.9537037037037037,0.9427917620137299,216
BASE-FIXED-C4-001,MODEL-C4,FIXED_ORIGIN_B1,3,4,0.0,0.0,0.0,240
BASE-FIXED-C4-001,MODEL-C4,FIXED_ORIGIN_B1,3,5,1.0,0.6436363636363637,0.7831858407079646,275
BASE-FIXED-C4-001,MODEL-C4,FIXED_ORIGIN_B1,3,6,0.0,0.0,0.0,0
BASE-FIXED-C4-001,MODEL-C4,FIXED_ORIGIN_B1,4,1,0.5555555555555556,0.625,0.5882352941176471,64
BASE-FIXED-C4-001,MODEL-C4,FIXED_ORIGIN_B1,4,2,0.9148936170212766,1.0,0.9555555555555556,43
BASE-FIXED-C4-001,MODEL-C4,FIXED_ORIGIN_B1,4,3,1.0,0.8333333333333334,0.9090909090909091,12
BASE-FIXED-C4-001,MODEL-C4,FIXED_ORIGIN_B1,4,4,0.0,0.0,0.0,30
BASE-FIXED-C4-001,MODEL-C4,FIXED_ORIGIN_B1,4,5,0.0,0.0,0.0,12
BASE-FIXED-C4-001,MODEL-C4,FIXED_ORIGIN_B1,4,6,0.0,0.0,0.0,0
BASE-FIXED-C4-001,MODEL-C4,FIXED_ORIGIN_B1,5,1,0.2028985507246377,1.0,0.3373493975903614,28
BASE-FIXED-C4-001,MODEL-C4,FIXED_ORIGIN_B1,5,2,1.0,1.0,1.0,40
BASE-FIXED-C4-001,MODEL-C4,FIXED_ORIGIN_B1,5,3,1.0,0.95,0.9743589743589743,20
BASE-FIXED-C4-001,MODEL-C4,FIXED_ORIGIN_B1,5,4,0.0,0.0,0.0,46
BASE-FIXED-C4-001,MODEL-C4,FIXED_ORIGIN_B1,5,5,0.0,0.0,0.0,63
BASE-FIXED-C4-001,MODEL-C4,FIXED_ORIGIN_B1,5,6,0.0,0.0,0.0,0
BASE-FIXED-C4-001,MODEL-C4,FIXED_ORIGIN_B1,6,1,0.4048582995951417,0.9727626459143969,0.5717552887364208,514
BASE-FIXED-C4-001,MODEL-C4,FIXED_ORIGIN_B1,6,2,0.9373881932021467,0.9128919860627178,0.9249779346866726,574
BASE-FIXED-C4-001,MODEL-C4,FIXED_ORIGIN_B1,6,3,0.20841683366733466,0.9454545454545454,0.3415435139573071,110
BASE-FIXED-C4-001,MODEL-C4,FIXED_ORIGIN_B1,6,4,0.0,0.0,0.0,29
BASE-FIXED-C4-001,MODEL-C4,FIXED_ORIGIN_B1,6,5,1.0,0.006600660066006601,0.013114754098360656,606
BASE-FIXED-C4-001,MODEL-C4,FIXED_ORIGIN_B1,6,6,0.3333333333333333,0.0021413276231263384,0.00425531914893617,467
BASE-FIXED-C4-001,MODEL-C4,FIXED_ORIGIN_B1,7,1,0.41897998708844414,1.0,0.5905368516833485,649
BASE-FIXED-C4-001,MODEL-C4,FIXED_ORIGIN_B1,7,2,0.7258641239570918,0.9199395770392749,0.8114590273151232,662
BASE-FIXED-C4-001,MODEL-C4,FIXED_ORIGIN_B1,7,3,0.2860655737704918,0.9694444444444444,0.4417721518987342,360
BASE-FIXED-C4-001,MODEL-C4,FIXED_ORIGIN_B1,7,4,0.0,0.0,0.0,744
BASE-FIXED-C4-001,MODEL-C4,FIXED_ORIGIN_B1,7,5,1.0,0.006349206349206349,0.012618296529968454,630
BASE-FIXED-C4-001,MODEL-C4,FIXED_ORIGIN_B1,7,6,0.0,0.0,0.0,568
BASE-FIXED-C4-001,MODEL-C4,FIXED_ORIGIN_B1,8,1,0.4411764705882353,1.0,0.6122448979591837,30
BASE-FIXED-C4-001,MODEL-C4,FIXED_ORIGIN_B1,8,2,1.0,0.03333333333333333,0.06451612903225806,30
BASE-FIXED-C4-001,MODEL-C4,FIXED_ORIGIN_B1,8,3,0.17410714285714285,0.975,0.29545454545454547,40
BASE-FIXED-C4-001,MODEL-C4,FIXED_ORIGIN_B1,8,4,0.0,0.0,0.0,33
BASE-FIXED-C4-001,MODEL-C4,FIXED_ORIGIN_B1,8,5,0.0,0.0,0.0,143
BASE-FIXED-C4-001,MODEL-C4,FIXED_ORIGIN_B1,8,6,1.0,0.05555555555555555,0.10526315789473684,18
BASE-FIXED-C4-001,MODEL-C4,FIXED_ORIGIN_B1,9,1,0.3961038961038961,1.0,0.5674418604651162,61
BASE-FIXED-C4-001,MODEL-C4,FIXED_ORIGIN_B1,9,2,0.0,0.0,0.0,55
BASE-FIXED-C4-001,MODEL-C4,FIXED_ORIGIN_B1,9,3,0.31746031746031744,1.0,0.4819277108433735,100
BASE-FIXED-C4-001,MODEL-C4,FIXED_ORIGIN_B1,9,4,0.0,0.0,0.0,75
BASE-FIXED-C4-001,MODEL-C4,FIXED_ORIGIN_B1,9,5,0.0,0.0,0.0,78
BASE-FIXED-C4-001,MODEL-C4,FIXED_ORIGIN_B1,9,6,0.0,0.0,0.0,101
BASE-FIXED-C4-001,MODEL-C4,FIXED_ORIGIN_B1,10,1,0.24115456238361266,0.8633333333333333,0.37700145560407566,600
BASE-FIXED-C4-001,MODEL-C4,FIXED_ORIGIN_B1,10,2,0.9619952494061758,0.675,0.7933398628795298,600
BASE-FIXED-C4-001,MODEL-C4,FIXED_ORIGIN_B1,10,3,0.5759717314487632,0.815,0.6749482401656315,600
BASE-FIXED-C4-001,MODEL-C4,FIXED_ORIGIN_B1,10,4,0.0,0.0,0.0,600
BASE-FIXED-C4-001,MODEL-C4,FIXED_ORIGIN_B1,10,5,0.6228070175438597,0.11833333333333333,0.19887955182072828,600
BASE-FIXED-C4-001,MODEL-C4,FIXED_ORIGIN_B1,10,6,0.5147058823529411,0.058333333333333334,0.10479041916167664,600
