"feature","sensor","reference_batch","comparison_batch","metric","value","rank"
"1","1","1","2","standardized_mean_shift","0.000544471937323139","128"
"2","1","1","2","standardized_mean_shift","0.0404647397009663","119"
"3","1","1","2","standardized_mean_shift","0.116128757314573","100"
"4","1","1","2","standardized_mean_shift","0.120721271078205","99"
"5","1","1","2","standardized_mean_shift","0.185557881238194","87"
"6","1","1","2","standardized_mean_shift","0.00380633376763884","127"
"7","1","1","2","standardized_mean_shift","0.0943638999712525","105"
"8","1","1","2","standardized_mean_shift","0.464765316274206","52"
"9","2","1","2","standardized_mean_shift","0.0268712878020319","123"
"10","2","1","2","standardized_mean_shift","0.0541356595852101","118"
"11","2","1","2","standardized_mean_shift","0.145618359788041","91"
"12","2","1","2","standardized_mean_shift","0.138926401115895","93"
"13","2","1","2","standardized_mean_shift","0.196407462949121","85"
"14","2","1","2","standardized_mean_shift","0.0641635398732818","112"
"15","2","1","2","standardized_mean_shift","0.175190523257603","88"
"16","2","1","2","standardized_mean_shift","0.564647514235521","37"
"17","3","1","2","standardized_mean_shift","0.401776206285165","59"
"18","3","1","2","standardized_mean_shift","0.0591755134123008","116"
"19","3","1","2","standardized_mean_shift","0.540716176196573","41"
"20","3","1","2","standardized_mean_shift","0.295480727416827","67"
"21","3","1","2","standardized_mean_shift","0.099636443465075","102"
"22","3","1","2","standardized_mean_shift","0.373907522634447","61"
"23","3","1","2","standardized_mean_shift","0.316057328370286","65"
"24","3","1","2","standardized_mean_shift","0.290650361497468","69"
"25","4","1","2","standardized_mean_shift","0.421257815428712","55"
"26","4","1","2","standardized_mean_shift","0.0861607973593033","107"
"27","4","1","2","standardized_mean_shift","0.411905349523811","58"
"28","4","1","2","standardized_mean_shift","0.245007541108036","77"
"29","4","1","2","standardized_mean_shift","0.0950466243556156","104"
"30","4","1","2","standardized_mean_shift","0.412924144229054","56"
"31","4","1","2","standardized_mean_shift","0.211991715657971","83"
"32","4","1","2","standardized_mean_shift","0.134993474675767","94"
"33","5","1","2","standardized_mean_shift","0.596686389414261","30"
"34","5","1","2","standardized_mean_shift","0.0589834269060834","117"
"35","5","1","2","standardized_mean_shift","0.90993996411808","2"
"36","5","1","2","standardized_mean_shift","0.648140137812351","20"
"37","5","1","2","standardized_mean_shift","0.253718256999063","75"
"38","5","1","2","standardized_mean_shift","0.307135690941771","66"
"39","5","1","2","standardized_mean_shift","0.141419417290049","92"
"40","5","1","2","standardized_mean_shift","0.0778847385007735","108"
"41","6","1","2","standardized_mean_shift","0.291023788636385","68"
"42","6","1","2","standardized_mean_shift","0.0387272070315546","121"
"43","6","1","2","standardized_mean_shift","0.619400098251042","26"
"44","6","1","2","standardized_mean_shift","0.500555683452343","46"
"45","6","1","2","standardized_mean_shift","0.222926605107564","80"
"46","6","1","2","standardized_mean_shift","0.00511181822472852","126"
"47","6","1","2","standardized_mean_shift","0.0101896054024191","125"
"48","6","1","2","standardized_mean_shift","0.0618671447110316","113"
"49","7","1","2","standardized_mean_shift","0.750281415898113","13"
"50","7","1","2","standardized_mean_shift","0.0382429707347674","122"
"51","7","1","2","standardized_mean_shift","0.847861411153495","7"
"52","7","1","2","standardized_mean_shift","0.695397211433135","16"
"53","7","1","2","standardized_mean_shift","0.496449114808743","48"
"54","7","1","2","standardized_mean_shift","0.579161109648788","32"
"55","7","1","2","standardized_mean_shift","0.502006508631519","45"
"56","7","1","2","standardized_mean_shift","0.412806937345743","57"
"57","8","1","2","standardized_mean_shift","0.806089077848272","9"
"58","8","1","2","standardized_mean_shift","0.0389985500001244","120"
"59","8","1","2","standardized_mean_shift","0.871530605906147","5"
"60","8","1","2","standardized_mean_shift","0.713914121098627","15"
"61","8","1","2","standardized_mean_shift","0.548486484395723","40"
"62","8","1","2","standardized_mean_shift","0.630338929967498","23"
"63","8","1","2","standardized_mean_shift","0.568616588825506","35"
"64","8","1","2","standardized_mean_shift","0.525068813734279","42"
"65","9","1","2","standardized_mean_shift","0.211364819188064","84"
"66","9","1","2","standardized_mean_shift","0.0756068157686287","109"
"67","9","1","2","standardized_mean_shift","0.105627933929307","101"
"68","9","1","2","standardized_mean_shift","0.130951887428279","96"
"69","9","1","2","standardized_mean_shift","0.0123288613044415","124"
"70","9","1","2","standardized_mean_shift","0.217675513174455","82"
"71","9","1","2","standardized_mean_shift","0.154947083686729","90"
"72","9","1","2","standardized_mean_shift","0.248092066281619","76"
"73","10","1","2","standardized_mean_shift","0.273851733075141","72"
"74","10","1","2","standardized_mean_shift","0.0654391584381481","111"
"75","10","1","2","standardized_mean_shift","0.195162907244845","86"
"76","10","1","2","standardized_mean_shift","0.221629654665921","81"
"77","10","1","2","standardized_mean_shift","0.0900609654847758","106"
"78","10","1","2","standardized_mean_shift","0.278931017423733","70"
"79","10","1","2","standardized_mean_shift","0.223716221009305","79"
"80","10","1","2","standardized_mean_shift","0.124535806992664","98"
"81","11","1","2","standardized_mean_shift","0.485597068051434","49"
"82","11","1","2","standardized_mean_shift","0.0602219929879073","115"
"83","11","1","2","standardized_mean_shift","0.579146581788216","33"
"84","11","1","2","standardized_mean_shift","0.511754996315466","44"
"85","11","1","2","standardized_mean_shift","0.499318419336745","47"
"86","11","1","2","standardized_mean_shift","0.481127482337238","50"
"87","11","1","2","standardized_mean_shift","0.427702884403002","53"
"88","11","1","2","standardized_mean_shift","0.425120060188215","54"
"89","12","1","2","standardized_mean_shift","0.564674274966658","36"
"90","12","1","2","standardized_mean_shift","0.0603784046881402","114"
"91","12","1","2","standardized_mean_shift","0.626673099589293","25"
"92","12","1","2","standardized_mean_shift","0.563775381964623","38"
"93","12","1","2","standardized_mean_shift","0.473950239769553","51"
"94","12","1","2","standardized_mean_shift","0.580681533895612","31"
"95","12","1","2","standardized_mean_shift","0.516083489786051","43"
"96","12","1","2","standardized_mean_shift","0.351378698648064","62"
"97","13","1","2","standardized_mean_shift","0.68485124000984","18"
"98","13","1","2","standardized_mean_shift","0.254741074374715","74"
"99","13","1","2","standardized_mean_shift","0.982555541502917","1"
"100","13","1","2","standardized_mean_shift","0.891886814900234","4"
"101","13","1","2","standardized_mean_shift","0.397252102427009","60"
"102","13","1","2","standardized_mean_shift","0.322684935161178","64"
"103","13","1","2","standardized_mean_shift","0.243308073248016","78"
"104","13","1","2","standardized_mean_shift","0.131032684953701","95"
"105","14","1","2","standardized_mean_shift","0.640158580849146","21"
"106","14","1","2","standardized_mean_shift","0.263418292545369","73"
"107","14","1","2","standardized_mean_shift","0.894467162175848","3"
"108","14","1","2","standardized_mean_shift","0.786346533300904","11"
"109","14","1","2","standardized_mean_shift","0.343909055904733","63"
"110","14","1","2","standardized_mean_shift","0.274506374223576","71"
"111","14","1","2","standardized_mean_shift","0.162002925312149","89"
"112","14","1","2","standardized_mean_shift","0.130557537712496","97"
"113","15","1","2","standardized_mean_shift","0.760866737232553","12"
"114","15","1","2","standardized_mean_shift","0.0722613993359673","110"
"115","15","1","2","standardized_mean_shift","0.797830426778047","10"
"116","15","1","2","standardized_mean_shift","0.675370739510304","19"
"117","15","1","2","standardized_mean_shift","0.635351461115558","22"
"118","15","1","2","standardized_mean_shift","0.629263276976473","24"
"119","15","1","2","standardized_mean_shift","0.552234291256212","39"
"120","15","1","2","standardized_mean_shift","0.615359036007149","28"
"121","16","1","2","standardized_mean_shift","0.824073408946094","8"
"122","16","1","2","standardized_mean_shift","0.097251232632401","103"
"123","16","1","2","standardized_mean_shift","0.866762998862723","6"
"124","16","1","2","standardized_mean_shift","0.617039518557072","27"
"125","16","1","2","standardized_mean_shift","0.719211090078965","14"
"126","16","1","2","standardized_mean_shift","0.692014884105835","17"
"127","16","1","2","standardized_mean_shift","0.609511411716065","29"
"128","16","1","2","standardized_mean_shift","0.577503928918837","34"
"1","1","1","3","standardized_mean_shift","0.502972608264256","86"
"2","1","1","3","standardized_mean_shift","0.533814658550605","84"
"3","1","1","3","standardized_mean_shift","0.391670703988654","100"
"4","1","1","3","standardized_mean_shift","0.374985297075546","102"
"5","1","1","3","standardized_mean_shift","0.352213344849443","107"
"6","1","1","3","standardized_mean_shift","0.452252727575093","91"
"7","1","1","3","standardized_mean_shift","0.392782829932587","99"
"8","1","1","3","standardized_mean_shift","0.170242376313426","121"
"9","2","1","3","standardized_mean_shift","0.479973331207544","90"
"10","2","1","3","standardized_mean_shift","0.640143419906608","74"
"11","2","1","3","standardized_mean_shift","0.353286781280699","106"
"12","2","1","3","standardized_mean_shift","0.331927521910111","113"
"13","2","1","3","standardized_mean_shift","0.29749522746762","116"
"14","2","1","3","standardized_mean_shift","0.41579845945391","94"
"15","2","1","3","standardized_mean_shift","0.344743978239111","110"
"16","2","1","3","standardized_mean_shift","0.0629566884401385","124"
"17","3","1","3","standardized_mean_shift","0.769815196627383","63"
"18","3","1","3","standardized_mean_shift","0.152247812606617","122"
"19","3","1","3","standardized_mean_shift","1.04751651987644","33"
"20","3","1","3","standardized_mean_shift","1.09765105054331","25"
"21","3","1","3","standardized_mean_shift","1.0660154369946","30"
"22","3","1","3","standardized_mean_shift","0.69052123735296","69"
"23","3","1","3","standardized_mean_shift","0.643490967030427","73"
"24","3","1","3","standardized_mean_shift","0.844272101322246","53"
"25","4","1","3","standardized_mean_shift","0.839346648634132","54"
"26","4","1","3","standardized_mean_shift","0.197103738005782","120"
"27","4","1","3","standardized_mean_shift","1.06493154795609","31"
"28","4","1","3","standardized_mean_shift","1.10912561892884","23"
"29","4","1","3","standardized_mean_shift","1.06764848550588","29"
"30","4","1","3","standardized_mean_shift","0.77395510955413","62"
"31","4","1","3","standardized_mean_shift","0.717305119902711","67"
"32","4","1","3","standardized_mean_shift","0.950449775241254","44"
"33","5","1","3","standardized_mean_shift","0.332921370054372","111"
"34","5","1","3","standardized_mean_shift","0.899516066719542","49"
"35","5","1","3","standardized_mean_shift","0.985219543022027","38"
"36","5","1","3","standardized_mean_shift","1.36630655790763","9"
"37","5","1","3","standardized_mean_shift","1.36671906556638","8"
"38","5","1","3","standardized_mean_shift","0.0523502269149644","126"
"39","5","1","3","standardized_mean_shift","0.0433384237321114","127"
"40","5","1","3","standardized_mean_shift","0.232998082069315","119"
"41","6","1","3","standardized_mean_shift","0.0629505238481471","125"
"42","6","1","3","standardized_mean_shift","0.98858053391649","36"
"43","6","1","3","standardized_mean_shift","0.661207997254456","71"
"44","6","1","3","standardized_mean_shift","1.09185630204871","26"
"45","6","1","3","standardized_mean_shift","1.10806315379054","24"
"46","6","1","3","standardized_mean_shift","0.248056558832139","118"
"47","6","1","3","standardized_mean_shift","0.332738548796286","112"
"48","6","1","3","standardized_mean_shift","0.0123450976171135","128"
"49","7","1","3","standardized_mean_shift","1.13023486620611","22"
"50","7","1","3","standardized_mean_shift","0.350604356296373","108"
"51","7","1","3","standardized_mean_shift","1.38603820799644","5"
"52","7","1","3","standardized_mean_shift","1.34320598307175","10"
"53","7","1","3","standardized_mean_shift","1.27837841978823","14"
"54","7","1","3","standardized_mean_shift","0.908046053134797","46"
"55","7","1","3","standardized_mean_shift","0.810095944441268","58"
"56","7","1","3","standardized_mean_shift","0.858880545351701","51"
"57","8","1","3","standardized_mean_shift","1.20669873073721","21"
"58","8","1","3","standardized_mean_shift","0.359285649700814","105"
"59","8","1","3","standardized_mean_shift","1.42765642090581","3"
"60","8","1","3","standardized_mean_shift","1.38068164571513","6"
"61","8","1","3","standardized_mean_shift","1.33266459498417","11"
"62","8","1","3","standardized_mean_shift","0.98594177220437","37"
"63","8","1","3","standardized_mean_shift","0.927440647193328","45"
"64","8","1","3","standardized_mean_shift","1.05244583208842","32"
"65","9","1","3","standardized_mean_shift","0.611324992289092","77"
"66","9","1","3","standardized_mean_shift","0.429945137008706","92"
"67","9","1","3","standardized_mean_shift","0.494337255251918","87"
"68","9","1","3","standardized_mean_shift","0.491211337179899","88"
"69","9","1","3","standardized_mean_shift","0.418009129457088","93"
"70","9","1","3","standardized_mean_shift","0.579462053368983","81"
"71","9","1","3","standardized_mean_shift","0.529891088170396","85"
"72","9","1","3","standardized_mean_shift","0.266843053630526","117"
"73","10","1","3","standardized_mean_shift","0.662492689403719","70"
"74","10","1","3","standardized_mean_shift","0.396579580677958","97"
"75","10","1","3","standardized_mean_shift","0.594793626560382","80"
"76","10","1","3","standardized_mean_shift","0.60296778065378","78"
"77","10","1","3","standardized_mean_shift","0.544207280352062","83"
"78","10","1","3","standardized_mean_shift","0.638939897572979","75"
"79","10","1","3","standardized_mean_shift","0.596510182550106","79"
"80","10","1","3","standardized_mean_shift","0.370126332446714","104"
"81","11","1","3","standardized_mean_shift","0.71754026789061","66"
"82","11","1","3","standardized_mean_shift","0.13780199576","123"
"83","11","1","3","standardized_mean_shift","0.958300986520419","42"
"84","11","1","3","standardized_mean_shift","0.978461013796235","40"
"85","11","1","3","standardized_mean_shift","0.979771834838335","39"
"86","11","1","3","standardized_mean_shift","0.696268395862442","68"
"87","11","1","3","standardized_mean_shift","0.649916149918521","72"
"88","11","1","3","standardized_mean_shift","0.902345256108282","48"
"89","12","1","3","standardized_mean_shift","0.837098265071842","55"
"90","12","1","3","standardized_mean_shift","0.322996465998547","114"
"91","12","1","3","standardized_mean_shift","1.03692245448982","35"
"92","12","1","3","standardized_mean_shift","1.07521158683096","27"
"93","12","1","3","standardized_mean_shift","1.04453318950152","34"
"94","12","1","3","standardized_mean_shift","0.820950011567087","56"
"95","12","1","3","standardized_mean_shift","0.754846655983246","65"
"96","12","1","3","standardized_mean_shift","0.953437101799825","43"
"97","13","1","3","standardized_mean_shift","0.776051331775027","61"
"98","13","1","3","standardized_mean_shift","0.486417689102281","89"
"99","13","1","3","standardized_mean_shift","1.25696545184029","18"
"100","13","1","3","standardized_mean_shift","1.46415422761769","2"
"101","13","1","3","standardized_mean_shift","1.54935438580923","1"
"102","13","1","3","standardized_mean_shift","0.394801693770352","98"
"103","13","1","3","standardized_mean_shift","0.378389265752845","101"
"104","13","1","3","standardized_mean_shift","0.570865467676466","82"
"105","14","1","3","standardized_mean_shift","0.852559775031587","52"
"106","14","1","3","standardized_mean_shift","0.415582106888957","95"
"107","14","1","3","standardized_mean_shift","1.26304041293832","16"
"108","14","1","3","standardized_mean_shift","1.3725961851649","7"
"109","14","1","3","standardized_mean_shift","1.4093871159512","4"
"110","14","1","3","standardized_mean_shift","0.415055556471644","96"
"111","14","1","3","standardized_mean_shift","0.299168596808961","115"
"112","14","1","3","standardized_mean_shift","0.634911988403485","76"
"113","15","1","3","standardized_mean_shift","0.966813806879892","41"
"114","15","1","3","standardized_mean_shift","0.347714067847114","109"
"115","15","1","3","standardized_mean_shift","1.20768769690811","20"
"116","15","1","3","standardized_mean_shift","1.22252977374327","19"
"117","15","1","3","standardized_mean_shift","1.26210920424039","17"
"118","15","1","3","standardized_mean_shift","0.818270928089615","57"
"119","15","1","3","standardized_mean_shift","0.765203417319747","64"
"120","15","1","3","standardized_mean_shift","0.801993206479734","60"
"121","16","1","3","standardized_mean_shift","1.07148831067341","28"
"122","16","1","3","standardized_mean_shift","0.372735283235151","103"
"123","16","1","3","standardized_mean_shift","1.28545234207755","13"
"124","16","1","3","standardized_mean_shift","1.26449843069966","15"
"125","16","1","3","standardized_mean_shift","1.29942639607548","12"
"126","16","1","3","standardized_mean_shift","0.903480179806136","47"
"127","16","1","3","standardized_mean_shift","0.806872658706467","59"
"128","16","1","3","standardized_mean_shift","0.888196818406149","50"
"1","1","1","4","standardized_mean_shift","0.648378189695463","78"
"2","1","1","4","standardized_mean_shift","0.549347996719152","89"
"3","1","1","4","standardized_mean_shift","0.471092396469623","98"
"4","1","1","4","standardized_mean_shift","0.338079006378274","108"
"5","1","1","4","standardized_mean_shift","0.32501879603074","109"
"6","1","1","4","standardized_mean_shift","0.469275276869306","99"
"7","1","1","4","standardized_mean_shift","0.0777331495148188","120"
"8","1","1","4","standardized_mean_shift","0.521243153442091","92"
"9","2","1","4","standardized_mean_shift","0.645527099881712","79"
"10","2","1","4","standardized_mean_shift","0.638499501844672","80"
"11","2","1","4","standardized_mean_shift","0.432620395565188","102"
"12","2","1","4","standardized_mean_shift","0.266715568090791","113"
"13","2","1","4","standardized_mean_shift","0.240163749768734","114"
"14","2","1","4","standardized_mean_shift","0.439260675163999","101"
"15","2","1","4","standardized_mean_shift","0.0267863179302858","127"
"16","2","1","4","standardized_mean_shift","0.550882813953728","88"
"17","3","1","4","standardized_mean_shift","0.449503555048013","100"
"18","3","1","4","standardized_mean_shift","0.0502095469574769","124"
"19","3","1","4","standardized_mean_shift","1.1637878876145","41"
"20","3","1","4","standardized_mean_shift","1.82115685641275","21"
"21","3","1","4","standardized_mean_shift","1.71298499951984","26"
"22","3","1","4","standardized_mean_shift","0.607483299278903","83"
"23","3","1","4","standardized_mean_shift","1.13571620906702","42"
"24","3","1","4","standardized_mean_shift","0.928471968266871","55"
"25","4","1","4","standardized_mean_shift","0.509715220471097","93"
"26","4","1","4","standardized_mean_shift","0.0141818244451808","128"
"27","4","1","4","standardized_mean_shift","1.22342109214024","37"
"28","4","1","4","standardized_mean_shift","1.86739384372527","18"
"29","4","1","4","standardized_mean_shift","1.72696122400953","25"
"30","4","1","4","standardized_mean_shift","0.690726085949148","76"
"31","4","1","4","standardized_mean_shift","1.20776182039106","39"
"32","4","1","4","standardized_mean_shift","0.932366666955149","53"
"33","5","1","4","standardized_mean_shift","0.103564511532007","118"
"34","5","1","4","standardized_mean_shift","1.07345269849271","46"
"35","5","1","4","standardized_mean_shift","1.19240870816876","40"
"36","5","1","4","standardized_mean_shift","2.07512949071042","10"
"37","5","1","4","standardized_mean_shift","2.04066535349476","12"
"38","5","1","4","standardized_mean_shift","0.0470177373196412","125"
"39","5","1","4","standardized_mean_shift","0.471364367229265","97"
"40","5","1","4","standardized_mean_shift","0.843057200538745","66"
"41","6","1","4","standardized_mean_shift","0.0936999598182764","119"
"42","6","1","4","standardized_mean_shift","1.13357189247124","43"
"43","6","1","4","standardized_mean_shift","0.961497886573618","51"
"44","6","1","4","standardized_mean_shift","1.90118907397752","16"
"45","6","1","4","standardized_mean_shift","1.8503784722734","19"
"46","6","1","4","standardized_mean_shift","0.307080249540255","110"
"47","6","1","4","standardized_mean_shift","0.0764626421029048","121"
"48","6","1","4","standardized_mean_shift","0.757942299957911","72"
"49","7","1","4","standardized_mean_shift","0.760290951126765","71"
"50","7","1","4","standardized_mean_shift","0.130569869026094","116"
"51","7","1","4","standardized_mean_shift","1.6672976741829","27"
"52","7","1","4","standardized_mean_shift","2.14363251513485","6"
"53","7","1","4","standardized_mean_shift","1.90006593423877","17"
"54","7","1","4","standardized_mean_shift","0.853439101091858","64"
"55","7","1","4","standardized_mean_shift","1.24092724415837","36"
"56","7","1","4","standardized_mean_shift","0.819369811068443","68"
"57","8","1","4","standardized_mean_shift","0.869688933579865","61"
"58","8","1","4","standardized_mean_shift","0.161890654014496","115"
"59","8","1","4","standardized_mean_shift","1.80550778181544","22"
"60","8","1","4","standardized_mean_shift","2.24293359937521","5"
"61","8","1","4","standardized_mean_shift","1.99373639791458","13"
"62","8","1","4","standardized_mean_shift","0.990969608456887","49"
"63","8","1","4","standardized_mean_shift","1.3990325524463","31"
"64","8","1","4","standardized_mean_shift","0.815169891469861","69"
"65","9","1","4","standardized_mean_shift","0.745792764769545","73"
"66","9","1","4","standardized_mean_shift","0.414950945249332","104"
"67","9","1","4","standardized_mean_shift","0.581356680928531","86"
"68","9","1","4","standardized_mean_shift","0.490680144335117","94"
"69","9","1","4","standardized_mean_shift","0.428799781668178","103"
"70","9","1","4","standardized_mean_shift","0.590969791521276","84"
"71","9","1","4","standardized_mean_shift","0.283494436596127","112"
"72","9","1","4","standardized_mean_shift","0.388699106547872","106"
"73","10","1","4","standardized_mean_shift","0.793803998842289","70"
"74","10","1","4","standardized_mean_shift","0.358903390610937","107"
"75","10","1","4","standardized_mean_shift","0.69211924791947","75"
"76","10","1","4","standardized_mean_shift","0.631075086952999","81"
"77","10","1","4","standardized_mean_shift","0.588956027463176","85"
"78","10","1","4","standardized_mean_shift","0.670969281666278","77"
"79","10","1","4","standardized_mean_shift","0.398736289838972","105"
"80","10","1","4","standardized_mean_shift","0.296674588556035","111"
"81","11","1","4","standardized_mean_shift","0.530155839524823","90"
"82","11","1","4","standardized_mean_shift","0.114972711560519","117"
"83","11","1","4","standardized_mean_shift","1.12721365005456","44"
"84","11","1","4","standardized_mean_shift","1.64407373431599","29"
"85","11","1","4","standardized_mean_shift","1.64946530346518","28"
"86","11","1","4","standardized_mean_shift","0.732207228125523","74"
"87","11","1","4","standardized_mean_shift","1.2973484736117","35"
"88","11","1","4","standardized_mean_shift","0.931631749349842","54"
"89","12","1","4","standardized_mean_shift","0.60749658275964","82"
"90","12","1","4","standardized_mean_shift","0.0711894674367441","122"
"91","12","1","4","standardized_mean_shift","1.21641454013623","38"
"92","12","1","4","standardized_mean_shift","1.74151217282833","24"
"93","12","1","4","standardized_mean_shift","1.63772180020493","30"
"94","12","1","4","standardized_mean_shift","0.85890493913657","62"
"95","12","1","4","standardized_mean_shift","1.34981144256889","33"
"96","12","1","4","standardized_mean_shift","0.961088934270288","52"
"97","13","1","4","standardized_mean_shift","0.875082241676687","60"
"98","13","1","4","standardized_mean_shift","0.528241760681644","91"
"99","13","1","4","standardized_mean_shift","2.10294089456179","9"
"100","13","1","4","standardized_mean_shift","2.68932409480368","1"
"101","13","1","4","standardized_mean_shift","2.40551866344922","3"
"102","13","1","4","standardized_mean_shift","0.559233385102761","87"
"103","13","1","4","standardized_mean_shift","1.05294996536381","47"
"104","13","1","4","standardized_mean_shift","0.854147089492043","63"
"105","14","1","4","standardized_mean_shift","0.849097703176678","65"
"106","14","1","4","standardized_mean_shift","0.484303782465887","95"
"107","14","1","4","standardized_mean_shift","2.11955609481685","7"
"108","14","1","4","standardized_mean_shift","2.60570685226521","2"
"109","14","1","4","standardized_mean_shift","2.29168497368029","4"
"110","14","1","4","standardized_mean_shift","0.482410496688961","96"
"111","14","1","4","standardized_mean_shift","0.912585951906688","57"
"112","14","1","4","standardized_mean_shift","0.884114157568132","59"
"113","15","1","4","standardized_mean_shift","0.926313819652398","56"
"114","15","1","4","standardized_mean_shift","0.0382643074601419","126"
"115","15","1","4","standardized_mean_shift","1.77515878690817","23"
"116","15","1","4","standardized_mean_shift","2.05253056423631","11"
"117","15","1","4","standardized_mean_shift","1.92326134518605","15"
"118","15","1","4","standardized_mean_shift","1.00566000652048","48"
"119","15","1","4","standardized_mean_shift","1.35687458021713","32"
"120","15","1","4","standardized_mean_shift","0.912374564538345","58"
"121","16","1","4","standardized_mean_shift","0.976807455125083","50"
"122","16","1","4","standardized_mean_shift","0.0540695252135201","123"
"123","16","1","4","standardized_mean_shift","1.82742562831039","20"
"124","16","1","4","standardized_mean_shift","2.11718376900144","8"
"125","16","1","4","standardized_mean_shift","1.96712189718643","14"
"126","16","1","4","standardized_mean_shift","1.09010427115078","45"
"127","16","1","4","standardized_mean_shift","1.33733392405369","34"
"128","16","1","4","standardized_mean_shift","0.831100606117611","67"
"1","1","1","5","standardized_mean_shift","0.303997704146902","102"
"2","1","1","5","standardized_mean_shift","0.606658546717329","83"
"3","1","1","5","standardized_mean_shift","0.120679199524819","115"
"4","1","1","5","standardized_mean_shift","0.0639440419140251","122"
"5","1","1","5","standardized_mean_shift","0.0244232296941972","125"
"6","1","1","5","standardized_mean_shift","0.258961658229709","107"
"7","1","1","5","standardized_mean_shift","0.124098993300489","114"
"8","1","1","5","standardized_mean_shift","0.274432712127592","106"
"9","2","1","5","standardized_mean_shift","0.239159165589521","109"
"10","2","1","5","standardized_mean_shift","0.688397878073371","80"
"11","2","1","5","standardized_mean_shift","0.0206426224017316","127"
"12","2","1","5","standardized_mean_shift","0.0692469619184047","121"
"13","2","1","5","standardized_mean_shift","0.112495889528579","118"
"14","2","1","5","standardized_mean_shift","0.149635038794284","113"
"15","2","1","5","standardized_mean_shift","0.0222960810581685","126"
"16","2","1","5","standardized_mean_shift","0.436832907331195","94"
"17","3","1","5","standardized_mean_shift","1.25402702394208","57"
"18","3","1","5","standardized_mean_shift","0.012961767695364","128"
"19","3","1","5","standardized_mean_shift","1.47329520902001","33"
"20","3","1","5","standardized_mean_shift","1.44143992862737","40"
"21","3","1","5","standardized_mean_shift","1.43883241703173","41"
"22","3","1","5","standardized_mean_shift","0.981247725234352","73"
"23","3","1","5","standardized_mean_shift","0.951675972334565","75"
"24","3","1","5","standardized_mean_shift","1.42764353676132","42"
"25","4","1","5","standardized_mean_shift","1.35367004323486","48"
"26","4","1","5","standardized_mean_shift","0.0510867266888013","123"
"27","4","1","5","standardized_mean_shift","1.4670413913459","35"
"28","4","1","5","standardized_mean_shift","1.47397087198812","32"
"29","4","1","5","standardized_mean_shift","1.44642170583775","39"
"30","4","1","5","standardized_mean_shift","1.09945086968578","66"
"31","4","1","5","standardized_mean_shift","1.05868622870375","70"
"32","4","1","5","standardized_mean_shift","1.54671165587535","29"
"33","5","1","5","standardized_mean_shift","0.737317033367595","79"
"34","5","1","5","standardized_mean_shift","0.966923429063793","74"
"35","5","1","5","standardized_mean_shift","1.81971438499155","14"
"36","5","1","5","standardized_mean_shift","2.63588658631792","4"
"37","5","1","5","standardized_mean_shift","2.64078186316391","3"
"38","5","1","5","standardized_mean_shift","0.351862884584136","98"
"39","5","1","5","standardized_mean_shift","0.420769289231973","96"
"40","5","1","5","standardized_mean_shift","1.03390578013596","72"
"41","6","1","5","standardized_mean_shift","0.340147977542949","99"
"42","6","1","5","standardized_mean_shift","1.07829050287064","69"
"43","6","1","5","standardized_mean_shift","1.28400869593108","54"
"44","6","1","5","standardized_mean_shift","2.10447150907207","10"
"45","6","1","5","standardized_mean_shift","2.17685594289863","8"
"46","6","1","5","standardized_mean_shift","0.0782010032619179","119"
"47","6","1","5","standardized_mean_shift","0.11939413978355","116"
"48","6","1","5","standardized_mean_shift","0.635093062712212","82"
"49","7","1","5","standardized_mean_shift","1.56777769965981","28"
"50","7","1","5","standardized_mean_shift","0.282968351675051","105"
"51","7","1","5","standardized_mean_shift","1.86682216809827","12"
"52","7","1","5","standardized_mean_shift","1.76042889876958","16"
"53","7","1","5","standardized_mean_shift","1.65771943731413","23"
"54","7","1","5","standardized_mean_shift","1.17593502088808","63"
"55","7","1","5","standardized_mean_shift","1.07978944694463","67"
"56","7","1","5","standardized_mean_shift","1.27184335003604","56"
"57","8","1","5","standardized_mean_shift","1.6829654207307","20"
"58","8","1","5","standardized_mean_shift","0.309360633817866","101"
"59","8","1","5","standardized_mean_shift","1.92193927759899","11"
"60","8","1","5","standardized_mean_shift","1.83693753148485","13"
"61","8","1","5","standardized_mean_shift","1.75052000423317","17"
"62","8","1","5","standardized_mean_shift","1.28225881931723","55"
"63","8","1","5","standardized_mean_shift","1.21814047447785","60"
"64","8","1","5","standardized_mean_shift","1.4468718648334","38"
"65","9","1","5","standardized_mean_shift","0.445991107596468","93"
"66","9","1","5","standardized_mean_shift","0.55212102555148","86"
"67","9","1","5","standardized_mean_shift","0.301299078763481","103"
"68","9","1","5","standardized_mean_shift","0.291157128480988","104"
"69","9","1","5","standardized_mean_shift","0.117265898984106","117"
"70","9","1","5","standardized_mean_shift","0.433432103105982","95"
"71","9","1","5","standardized_mean_shift","0.310156299852865","100"
"72","9","1","5","standardized_mean_shift","0.207202900542397","111"
"73","10","1","5","standardized_mean_shift","0.581869039801877","84"
"74","10","1","5","standardized_mean_shift","0.516628337850611","89"
"75","10","1","5","standardized_mean_shift","0.514516260151338","90"
"76","10","1","5","standardized_mean_shift","0.524580720055562","87"
"77","10","1","5","standardized_mean_shift","0.378872011242448","97"
"78","10","1","5","standardized_mean_shift","0.580070820574048","85"
"79","10","1","5","standardized_mean_shift","0.481659364228643","91"
"80","10","1","5","standardized_mean_shift","0.027209134994589","124"
"81","11","1","5","standardized_mean_shift","1.28480634508403","53"
"82","11","1","5","standardized_mean_shift","0.0738421777899713","120"
"83","11","1","5","standardized_mean_shift","1.41116473971558","44"
"84","11","1","5","standardized_mean_shift","1.24871026262635","58"
"85","11","1","5","standardized_mean_shift","1.31258273373675","51"
"86","11","1","5","standardized_mean_shift","1.07915040566691","68"
"87","11","1","5","standardized_mean_shift","1.04741615729922","71"
"88","11","1","5","standardized_mean_shift","1.38869749558994","45"
"89","12","1","5","standardized_mean_shift","1.41579759148132","43"
"90","12","1","5","standardized_mean_shift","0.195674476701314","112"
"91","12","1","5","standardized_mean_shift","1.46590890926758","36"
"92","12","1","5","standardized_mean_shift","1.32925938058871","49"
"93","12","1","5","standardized_mean_shift","1.36798920385526","47"
"94","12","1","5","standardized_mean_shift","1.20930905418612","61"
"95","12","1","5","standardized_mean_shift","1.15780591610243","64"
"96","12","1","5","standardized_mean_shift","1.50242859814571","31"
"97","13","1","5","standardized_mean_shift","1.47229559999286","34"
"98","13","1","5","standardized_mean_shift","0.517788267217452","88"
"99","13","1","5","standardized_mean_shift","2.23117693167252","7"
"100","13","1","5","standardized_mean_shift","2.67591408013958","2"
"101","13","1","5","standardized_mean_shift","2.84395028896199","1"
"102","13","1","5","standardized_mean_shift","0.83852222197695","77"
"103","13","1","5","standardized_mean_shift","0.864248164062694","76"
"104","13","1","5","standardized_mean_shift","1.68221441888662","21"
"105","14","1","5","standardized_mean_shift","1.45387045787473","37"
"106","14","1","5","standardized_mean_shift","0.480637815225739","92"
"107","14","1","5","standardized_mean_shift","2.1487444204159","9"
"108","14","1","5","standardized_mean_shift","2.49034546344699","6"
"109","14","1","5","standardized_mean_shift","2.59319548269888","5"
"110","14","1","5","standardized_mean_shift","0.752781080169332","78"
"111","14","1","5","standardized_mean_shift","0.680117676209553","81"
"112","14","1","5","standardized_mean_shift","1.73944940700806","18"
"113","15","1","5","standardized_mean_shift","1.57092777679818","27"
"114","15","1","5","standardized_mean_shift","0.219307294323949","110"
"115","15","1","5","standardized_mean_shift","1.71795989812914","19"
"116","15","1","5","standardized_mean_shift","1.53971087658743","30"
"117","15","1","5","standardized_mean_shift","1.58263810660193","26"
"118","15","1","5","standardized_mean_shift","1.24650186869295","59"
"119","15","1","5","standardized_mean_shift","1.14461672890136","65"
"120","15","1","5","standardized_mean_shift","1.31504178141322","50"
"121","16","1","5","standardized_mean_shift","1.64314938751822","24"
"122","16","1","5","standardized_mean_shift","0.253945736091113","108"
"123","16","1","5","standardized_mean_shift","1.80564055233772","15"
"124","16","1","5","standardized_mean_shift","1.60801896177917","25"
"125","16","1","5","standardized_mean_shift","1.65928024034619","22"
"126","16","1","5","standardized_mean_shift","1.30425045600612","52"
"127","16","1","5","standardized_mean_shift","1.17863865064667","62"
"128","16","1","5","standardized_mean_shift","1.38120176050504","46"
"1","1","1","6","standardized_mean_shift","0.667785219415398","65"
"2","1","1","6","standardized_mean_shift","0.108316944773876","112"
"3","1","1","6","standardized_mean_shift","0.561525089959353","75"
"4","1","1","6","standardized_mean_shift","0.495729220030605","81"
"5","1","1","6","standardized_mean_shift","0.32372021243597","94"
"6","1","1","6","standardized_mean_shift","0.630056242058573","70"
"7","1","1","6","standardized_mean_shift","0.49609175922512","80"
"8","1","1","6","standardized_mean_shift","0.240050422954776","99"
"9","2","1","6","standardized_mean_shift","0.64278393571174","69"
"10","2","1","6","standardized_mean_shift","0.272877368425571","98"
"11","2","1","6","standardized_mean_shift","0.514578664273386","78"
"12","2","1","6","standardized_mean_shift","0.446084862093581","84"
"13","2","1","6","standardized_mean_shift","0.220260351893503","104"
"14","2","1","6","standardized_mean_shift","0.604560948501673","72"
"15","2","1","6","standardized_mean_shift","0.488691954740834","82"
"16","2","1","6","standardized_mean_shift","0.0727325889395605","116"
"17","3","1","6","standardized_mean_shift","0.066070160557508","119"
"18","3","1","6","standardized_mean_shift","0.743484049689657","60"
"19","3","1","6","standardized_mean_shift","0.426850647868835","86"
"20","3","1","6","standardized_mean_shift","0.768521955544846","52"
"21","3","1","6","standardized_mean_shift","1.13555893022845","16"
"22","3","1","6","standardized_mean_shift","0.0538740853531195","120"
"23","3","1","6","standardized_mean_shift","0.0719108898071582","117"
"24","3","1","6","standardized_mean_shift","1.34093088103305","12"
"25","4","1","6","standardized_mean_shift","0.00582286106632238","127"
"26","4","1","6","standardized_mean_shift","0.81644050624319","46"
"27","4","1","6","standardized_mean_shift","0.449168010060265","83"
"28","4","1","6","standardized_mean_shift","0.751284930171164","56"
"29","4","1","6","standardized_mean_shift","1.09059521154293","18"
"30","4","1","6","standardized_mean_shift","0.0244015744067571","123"
"31","4","1","6","standardized_mean_shift","0.127248558989976","109"
"32","4","1","6","standardized_mean_shift","1.4544963037855","6"
"33","5","1","6","standardized_mean_shift","0.750516793904111","57"
"34","5","1","6","standardized_mean_shift","1.38463191422641","9"
"35","5","1","6","standardized_mean_shift","0.087944805599687","115"
"36","5","1","6","standardized_mean_shift","0.660000138956418","66"
"37","5","1","6","standardized_mean_shift","1.80009844096828","1"
"38","5","1","6","standardized_mean_shift","0.864582886360831","41"
"39","5","1","6","standardized_mean_shift","0.608926211348339","71"
"40","5","1","6","standardized_mean_shift","1.68448208891394","2"
"41","6","1","6","standardized_mean_shift","0.896756455644829","37"
"42","6","1","6","standardized_mean_shift","1.42591406359667","8"
"43","6","1","6","standardized_mean_shift","0.295007254812169","96"
"44","6","1","6","standardized_mean_shift","0.440643242872375","85"
"45","6","1","6","standardized_mean_shift","1.46346060172892","5"
"46","6","1","6","standardized_mean_shift","1.00585440423093","26"
"47","6","1","6","standardized_mean_shift","0.806412236513777","48"
"48","6","1","6","standardized_mean_shift","1.35736146159142","10"
"49","7","1","6","standardized_mean_shift","0.235809640301616","102"
"50","7","1","6","standardized_mean_shift","0.906300516196671","34"
"51","7","1","6","standardized_mean_shift","0.735223597603912","61"
"52","7","1","6","standardized_mean_shift","1.0464892591617","22"
"53","7","1","6","standardized_mean_shift","1.29205998411172","14"
"54","7","1","6","standardized_mean_shift","0.0936726771851735","113"
"55","7","1","6","standardized_mean_shift","0.173577947326991","105"
"56","7","1","6","standardized_mean_shift","1.34710729659709","11"
"57","8","1","6","standardized_mean_shift","0.308745751852693","95"
"58","8","1","6","standardized_mean_shift","0.9236054527292","31"
"59","8","1","6","standardized_mean_shift","0.780554290100142","51"
"60","8","1","6","standardized_mean_shift","1.08000185256384","21"
"61","8","1","6","standardized_mean_shift","1.335216346818","13"
"62","8","1","6","standardized_mean_shift","0.152706637370928","106"
"63","8","1","6","standardized_mean_shift","0.236366337847212","101"
"64","8","1","6","standardized_mean_shift","1.45325360343383","7"
"65","9","1","6","standardized_mean_shift","0.797371382412842","49"
"66","9","1","6","standardized_mean_shift","0.238645908066161","100"
"67","9","1","6","standardized_mean_shift","0.731752062093043","63"
"68","9","1","6","standardized_mean_shift","0.720125409563731","64"
"69","9","1","6","standardized_mean_shift","0.522057258308605","77"
"70","9","1","6","standardized_mean_shift","0.815249616729306","47"
"71","9","1","6","standardized_mean_shift","0.734564038299226","62"
"72","9","1","6","standardized_mean_shift","0.36103431126878","91"
"73","10","1","6","standardized_mean_shift","0.918512606211473","32"
"74","10","1","6","standardized_mean_shift","0.408184565122289","87"
"75","10","1","6","standardized_mean_shift","0.899406956704781","36"
"76","10","1","6","standardized_mean_shift","0.894354116596868","38"
"77","10","1","6","standardized_mean_shift","0.762373622962689","53"
"78","10","1","6","standardized_mean_shift","0.929244496270436","30"
"79","10","1","6","standardized_mean_shift","0.857705729939193","42"
"80","10","1","6","standardized_mean_shift","0.551464656066001","76"
"81","11","1","6","standardized_mean_shift","0.00133026472758411","128"
"82","11","1","6","standardized_mean_shift","0.82018051370235","45"
"83","11","1","6","standardized_mean_shift","0.369013854324099","90"
"84","11","1","6","standardized_mean_shift","0.569496625189273","74"
"85","11","1","6","standardized_mean_shift","0.781179765914014","50"
"86","11","1","6","standardized_mean_shift","0.023161017608048","124"
"87","11","1","6","standardized_mean_shift","0.00963009891182233","126"
"88","11","1","6","standardized_mean_shift","0.761839602076008","54"
"89","12","1","6","standardized_mean_shift","0.134825303726981","108"
"90","12","1","6","standardized_mean_shift","1.04469929133587","23"
"91","12","1","6","standardized_mean_shift","0.500858938550732","79"
"92","12","1","6","standardized_mean_shift","0.747025757916524","58"
"93","12","1","6","standardized_mean_shift","0.945292756880166","29"
"94","12","1","6","standardized_mean_shift","0.12608223242642","110"
"95","12","1","6","standardized_mean_shift","0.150998361215158","107"
"96","12","1","6","standardized_mean_shift","0.903976233267232","35"
"97","13","1","6","standardized_mean_shift","0.0176778241902088","125"
"98","13","1","6","standardized_mean_shift","1.01811535748473","25"
"99","13","1","6","standardized_mean_shift","0.755674884718758","55"
"100","13","1","6","standardized_mean_shift","1.19499383053776","15"
"101","13","1","6","standardized_mean_shift","1.65552417892603","3"
"102","13","1","6","standardized_mean_shift","0.349682750789549","92"
"103","13","1","6","standardized_mean_shift","0.333399426956565","93"
"104","13","1","6","standardized_mean_shift","0.855824350064857","43"
"105","14","1","6","standardized_mean_shift","0.0519152848716815","121"
"106","14","1","6","standardized_mean_shift","0.987337861807224","27"
"107","14","1","6","standardized_mean_shift","0.659995754788336","67"
"108","14","1","6","standardized_mean_shift","1.09004972221463","19"
"109","14","1","6","standardized_mean_shift","1.50190906182932","4"
"110","14","1","6","standardized_mean_shift","0.399780487238126","88"
"111","14","1","6","standardized_mean_shift","0.389574166039278","89"
"112","14","1","6","standardized_mean_shift","0.874384307038706","40"
"113","15","1","6","standardized_mean_shift","0.23488936227256","103"
"114","15","1","6","standardized_mean_shift","0.977432428646211","28"
"115","15","1","6","standardized_mean_shift","0.602259801797572","73"
"116","15","1","6","standardized_mean_shift","0.887825556055349","39"
"117","15","1","6","standardized_mean_shift","1.08779578689037","20"
"118","15","1","6","standardized_mean_shift","0.0688707726799121","118"
"119","15","1","6","standardized_mean_shift","0.0319090517141177","122"
"120","15","1","6","standardized_mean_shift","0.743511739010115","59"
"121","16","1","6","standardized_mean_shift","0.28891542157954","97"
"122","16","1","6","standardized_mean_shift","1.03075065602054","24"
"123","16","1","6","standardized_mean_shift","0.653471943217797","68"
"124","16","1","6","standardized_mean_shift","0.912335726962154","33"
"125","16","1","6","standardized_mean_shift","1.12714760131793","17"
"126","16","1","6","standardized_mean_shift","0.124123777924812","111"
"127","16","1","6","standardized_mean_shift","0.0895787783666296","114"
"128","16","1","6","standardized_mean_shift","0.822413182406436","44"
"1","1","1","7","standardized_mean_shift","0.945085912716147","27"
"2","1","1","7","standardized_mean_shift","0.0427946414611193","123"
"3","1","1","7","standardized_mean_shift","0.900047218888819","34"
"4","1","1","7","standardized_mean_shift","0.886032818774695","37"
"5","1","1","7","standardized_mean_shift","0.724227436075257","58"
"6","1","1","7","standardized_mean_shift","0.910221244107954","33"
"7","1","1","7","standardized_mean_shift","0.788799434537369","50"
"8","1","1","7","standardized_mean_shift","0.532357840608229","77"
"9","2","1","7","standardized_mean_shift","0.669739050040289","67"
"10","2","1","7","standardized_mean_shift","0.294326723541657","92"
"11","2","1","7","standardized_mean_shift","0.535536304194878","76"
"12","2","1","7","standardized_mean_shift","0.492022054196868","83"
"13","2","1","7","standardized_mean_shift","0.241157526168718","101"
"14","2","1","7","standardized_mean_shift","0.610637792396322","73"
"15","2","1","7","standardized_mean_shift","0.498788621124061","82"
"16","2","1","7","standardized_mean_shift","0.0768966839971444","120"
"17","3","1","7","standardized_mean_shift","0.0401113294936331","125"
"18","3","1","7","standardized_mean_shift","0.788294726516427","51"
"19","3","1","7","standardized_mean_shift","0.440546556400461","86"
"20","3","1","7","standardized_mean_shift","0.652374239926219","68"
"21","3","1","7","standardized_mean_shift","1.00046223747526","22"
"22","3","1","7","standardized_mean_shift","0.0408892086823032","124"
"23","3","1","7","standardized_mean_shift","0.186050259941212","111"
"24","3","1","7","standardized_mean_shift","1.42037863469653","8"
"25","4","1","7","standardized_mean_shift","0.0285057847591694","126"
"26","4","1","7","standardized_mean_shift","0.86099545362587","42"
"27","4","1","7","standardized_mean_shift","0.460733701177539","84"
"28","4","1","7","standardized_mean_shift","0.640572774138684","71"
"29","4","1","7","standardized_mean_shift","0.974585041220765","25"
"30","4","1","7","standardized_mean_shift","0.118686029950558","118"
"31","4","1","7","standardized_mean_shift","0.243089661919559","100"
"32","4","1","7","standardized_mean_shift","1.54025067778743","4"
"33","5","1","7","standardized_mean_shift","0.505701380724357","81"
"34","5","1","7","standardized_mean_shift","1.19028642491431","12"
"35","5","1","7","standardized_mean_shift","0.189577070488383","110"
"36","5","1","7","standardized_mean_shift","0.754884533325921","54"
"37","5","1","7","standardized_mean_shift","1.94969728574732","2"
"38","5","1","7","standardized_mean_shift","0.601986887633414","74"
"39","5","1","7","standardized_mean_shift","0.337263378431245","90"
"40","5","1","7","standardized_mean_shift","1.96328443467337","1"
"41","6","1","7","standardized_mean_shift","0.797883421530954","49"
"42","6","1","7","standardized_mean_shift","1.30987215402484","11"
"43","6","1","7","standardized_mean_shift","0.215828326461251","107"
"44","6","1","7","standardized_mean_shift","0.355142268156278","88"
"45","6","1","7","standardized_mean_shift","1.46299203541334","7"
"46","6","1","7","standardized_mean_shift","0.885046221583746","38"
"47","6","1","7","standardized_mean_shift","0.681651940562956","66"
"48","6","1","7","standardized_mean_shift","1.47989198361136","5"
"49","7","1","7","standardized_mean_shift","0.233040218509715","102"
"50","7","1","7","standardized_mean_shift","0.994527990827283","23"
"51","7","1","7","standardized_mean_shift","0.685856052127362","65"
"52","7","1","7","standardized_mean_shift","0.846782857366404","45"
"53","7","1","7","standardized_mean_shift","1.0987483408193","15"
"54","7","1","7","standardized_mean_shift","0.176434590608652","113"
"55","7","1","7","standardized_mean_shift","0.271443729105713","97"
"56","7","1","7","standardized_mean_shift","1.37963943446017","10"
"57","8","1","7","standardized_mean_shift","0.292130271945094","93"
"58","8","1","7","standardized_mean_shift","1.00804479047385","20"
"59","8","1","7","standardized_mean_shift","0.712199800002968","60"
"60","8","1","7","standardized_mean_shift","0.862728053303869","41"
"61","8","1","7","standardized_mean_shift","1.1186149478355","13"
"62","8","1","7","standardized_mean_shift","0.226958932518972","104"
"63","8","1","7","standardized_mean_shift","0.326648992772649","91"
"64","8","1","7","standardized_mean_shift","1.47246937988079","6"
"65","9","1","7","standardized_mean_shift","0.774687146688187","53"
"66","9","1","7","standardized_mean_shift","0.166675404482465","114"
"67","9","1","7","standardized_mean_shift","0.694080237856658","62"
"68","9","1","7","standardized_mean_shift","0.690763718061982","63"
"69","9","1","7","standardized_mean_shift","0.459165075592242","85"
"70","9","1","7","standardized_mean_shift","0.777257774880886","52"
"71","9","1","7","standardized_mean_shift","0.68959287980212","64"
"72","9","1","7","standardized_mean_shift","0.271757719568489","96"
"73","10","1","7","standardized_mean_shift","0.913221905436204","32"
"74","10","1","7","standardized_mean_shift","0.350789268954604","89"
"75","10","1","7","standardized_mean_shift","0.887239264126575","36"
"76","10","1","7","standardized_mean_shift","0.888840086851032","35"
"77","10","1","7","standardized_mean_shift","0.735383356833212","56"
"78","10","1","7","standardized_mean_shift","0.915145382112371","31"
"79","10","1","7","standardized_mean_shift","0.841461561885813","46"
"80","10","1","7","standardized_mean_shift","0.519434258627596","78"
"81","11","1","7","standardized_mean_shift","0.0226161143285682","127"
"82","11","1","7","standardized_mean_shift","0.852394946171131","44"
"83","11","1","7","standardized_mean_shift","0.398435797568417","87"
"84","11","1","7","standardized_mean_shift","0.517214496016586","79"
"85","11","1","7","standardized_mean_shift","0.716472780419444","59"
"86","11","1","7","standardized_mean_shift","0.0683985791409308","121"
"87","11","1","7","standardized_mean_shift","0.0931219827230848","119"
"88","11","1","7","standardized_mean_shift","0.85466153800293","43"
"89","12","1","7","standardized_mean_shift","0.144451829571415","116"
"90","12","1","7","standardized_mean_shift","1.11228322624749","14"
"91","12","1","7","standardized_mean_shift","0.512725506878461","80"
"92","12","1","7","standardized_mean_shift","0.644409762416378","70"
"93","12","1","7","standardized_mean_shift","0.841111859588025","47"
"94","12","1","7","standardized_mean_shift","0.219558985574288","106"
"95","12","1","7","standardized_mean_shift","0.260440429482751","98"
"96","12","1","7","standardized_mean_shift","1.00813405529717","19"
"97","13","1","7","standardized_mean_shift","0.0620783293752565","122"
"98","13","1","7","standardized_mean_shift","0.934609171492765","28"
"99","13","1","7","standardized_mean_shift","0.737771337734764","55"
"100","13","1","7","standardized_mean_shift","1.0689391541344","17"
"101","13","1","7","standardized_mean_shift","1.55660602118065","3"
"102","13","1","7","standardized_mean_shift","0.223356663251013","105"
"103","13","1","7","standardized_mean_shift","0.199621842320964","108"
"104","13","1","7","standardized_mean_shift","0.97958043630881","24"
"105","14","1","7","standardized_mean_shift","0.0169236748409111","128"
"106","14","1","7","standardized_mean_shift","0.930397934383423","29"
"107","14","1","7","standardized_mean_shift","0.646792717976184","69"
"108","14","1","7","standardized_mean_shift","0.965562129324529","26"
"109","14","1","7","standardized_mean_shift","1.39202395757448","9"
"110","14","1","7","standardized_mean_shift","0.278339894400677","94"
"111","14","1","7","standardized_mean_shift","0.259245024343831","99"
"112","14","1","7","standardized_mean_shift","1.00341151260659","21"
"113","15","1","7","standardized_mean_shift","0.228384638254944","103"
"114","15","1","7","standardized_mean_shift","1.02998237992282","18"
"115","15","1","7","standardized_mean_shift","0.575105753731866","75"
"116","15","1","7","standardized_mean_shift","0.698347694479294","61"
"117","15","1","7","standardized_mean_shift","0.870876986770165","40"
"118","15","1","7","standardized_mean_shift","0.146505353084744","115"
"119","15","1","7","standardized_mean_shift","0.123573598909686","117"
"120","15","1","7","standardized_mean_shift","0.806779905644178","48"
"121","16","1","7","standardized_mean_shift","0.274966804546963","95"
"122","16","1","7","standardized_mean_shift","1.09321579555342","16"
"123","16","1","7","standardized_mean_shift","0.627429829881518","72"
"124","16","1","7","standardized_mean_shift","0.734700385386151","57"
"125","16","1","7","standardized_mean_shift","0.92773319279345","30"
"126","16","1","7","standardized_mean_shift","0.19795446693683","109"
"127","16","1","7","standardized_mean_shift","0.179104851024825","112"
"128","16","1","7","standardized_mean_shift","0.876360605262641","39"
"1","1","1","8","standardized_mean_shift","1.13036635791542","18"
"2","1","1","8","standardized_mean_shift","0.595242868582384","79"
"3","1","1","8","standardized_mean_shift","1.12479252223719","19"
"4","1","1","8","standardized_mean_shift","1.14110726325895","17"
"5","1","1","8","standardized_mean_shift","1.01870533896652","29"
"6","1","1","8","standardized_mean_shift","1.09987482815245","20"
"7","1","1","8","standardized_mean_shift","1.01988444978187","28"
"8","1","1","8","standardized_mean_shift","0.755864501570828","58"
"9","2","1","8","standardized_mean_shift","0.743166326189083","60"
"10","2","1","8","standardized_mean_shift","0.0547892379124274","121"
"11","2","1","8","standardized_mean_shift","0.701446511792007","66"
"12","2","1","8","standardized_mean_shift","0.624205800228149","78"
"13","2","1","8","standardized_mean_shift","0.314568819764575","104"
"14","2","1","8","standardized_mean_shift","0.73971978348209","61"
"15","2","1","8","standardized_mean_shift","0.456681818269413","96"
"16","2","1","8","standardized_mean_shift","0.0936483678394247","118"
"17","3","1","8","standardized_mean_shift","0.808599742821548","48"
"18","3","1","8","standardized_mean_shift","1.22994564852866","15"
"19","3","1","8","standardized_mean_shift","0.557322167377246","84"
"20","3","1","8","standardized_mean_shift","0.281759086799409","106"
"21","3","1","8","standardized_mean_shift","0.370653122935568","100"
"22","3","1","8","standardized_mean_shift","0.803017499183446","49"
"23","3","1","8","standardized_mean_shift","0.655540036248473","74"
"24","3","1","8","standardized_mean_shift","0.793258169675381","53"
"25","4","1","8","standardized_mean_shift","0.783083640378193","55"
"26","4","1","8","standardized_mean_shift","1.33077562561818","11"
"27","4","1","8","standardized_mean_shift","0.520225693630772","89"
"28","4","1","8","standardized_mean_shift","0.269526865453774","108"
"29","4","1","8","standardized_mean_shift","0.347486283783316","102"
"30","4","1","8","standardized_mean_shift","0.792968088787947","54"
"31","4","1","8","standardized_mean_shift","0.648348251315638","76"
"32","4","1","8","standardized_mean_shift","0.951892445043975","34"
"33","5","1","8","standardized_mean_shift","0.801949632132162","50"
"34","5","1","8","standardized_mean_shift","1.50762157307082","4"
"35","5","1","8","standardized_mean_shift","0.252009468272293","110"
"36","5","1","8","standardized_mean_shift","0.270788036999109","107"
"37","5","1","8","standardized_mean_shift","1.45209369550282","7"
"38","5","1","8","standardized_mean_shift","0.989640809790058","30"
"39","5","1","8","standardized_mean_shift","0.7127984867988","62"
"40","5","1","8","standardized_mean_shift","1.86866361687407","1"
"41","6","1","8","standardized_mean_shift","1.02752251828875","27"
"42","6","1","8","standardized_mean_shift","1.57974446307188","3"
"43","6","1","8","standardized_mean_shift","0.558307504640384","83"
"44","6","1","8","standardized_mean_shift","0.0392328583569159","124"
"45","6","1","8","standardized_mean_shift","1.07913280965428","21"
"46","6","1","8","standardized_mean_shift","1.17277128051278","16"
"47","6","1","8","standardized_mean_shift","0.946956806372553","35"
"48","6","1","8","standardized_mean_shift","1.3714220221909","9"
"49","7","1","8","standardized_mean_shift","0.520991294010898","88"
"50","7","1","8","standardized_mean_shift","1.3095631987809","14"
"51","7","1","8","standardized_mean_shift","0.300585913373258","105"
"52","7","1","8","standardized_mean_shift","0.00767378315152598","127"
"53","7","1","8","standardized_mean_shift","0.425089503659172","97"
"54","7","1","8","standardized_mean_shift","0.670017671519348","70"
"55","7","1","8","standardized_mean_shift","0.583206742477354","80"
"56","7","1","8","standardized_mean_shift","0.708194521905161","63"
"57","8","1","8","standardized_mean_shift","0.474711573764036","94"
"58","8","1","8","standardized_mean_shift","1.32712531900989","12"
"59","8","1","8","standardized_mean_shift","0.254508365576256","109"
"60","8","1","8","standardized_mean_shift","0.0607126057888842","120"
"61","8","1","8","standardized_mean_shift","0.512149287548989","90"
"62","8","1","8","standardized_mean_shift","0.652192336507893","75"
"63","8","1","8","standardized_mean_shift","0.55999862075128","82"
"64","8","1","8","standardized_mean_shift","0.823482067866914","46"
"65","9","1","8","standardized_mean_shift","0.926042595453403","38"
"66","9","1","8","standardized_mean_shift","0.705669387492316","64"
"67","9","1","8","standardized_mean_shift","0.913679711312724","40"
"68","9","1","8","standardized_mean_shift","0.925033924054971","39"
"69","9","1","8","standardized_mean_shift","0.668072741796176","71"
"70","9","1","8","standardized_mean_shift","0.968051872924587","33"
"71","9","1","8","standardized_mean_shift","0.881519123460312","42"
"72","9","1","8","standardized_mean_shift","0.485740187761244","93"
"73","10","1","8","standardized_mean_shift","1.0318782209995","26"
"74","10","1","8","standardized_mean_shift","0.863444303060986","44"
"75","10","1","8","standardized_mean_shift","1.03422997713714","25"
"76","10","1","8","standardized_mean_shift","1.03967497663191","23"
"77","10","1","8","standardized_mean_shift","0.878925951434771","43"
"78","10","1","8","standardized_mean_shift","1.05654688809572","22"
"79","10","1","8","standardized_mean_shift","0.981224163035778","31"
"80","10","1","8","standardized_mean_shift","0.656424902816924","73"
"81","11","1","8","standardized_mean_shift","0.824768042422797","45"
"82","11","1","8","standardized_mean_shift","1.32161111035738","13"
"83","11","1","8","standardized_mean_shift","0.638361836965746","77"
"84","11","1","8","standardized_mean_shift","0.497153333201814","92"
"85","11","1","8","standardized_mean_shift","0.132054193814019","115"
"86","11","1","8","standardized_mean_shift","0.796150639374722","51"
"87","11","1","8","standardized_mean_shift","0.753904368797003","59"
"88","11","1","8","standardized_mean_shift","0.0170381840800676","126"
"89","12","1","8","standardized_mean_shift","0.794700757928753","52"
"90","12","1","8","standardized_mean_shift","1.60359406012604","2"
"91","12","1","8","standardized_mean_shift","0.539764230147752","87"
"92","12","1","8","standardized_mean_shift","0.355420986161112","101"
"93","12","1","8","standardized_mean_shift","0.041067880364978","123"
"94","12","1","8","standardized_mean_shift","0.822120755169716","47"
"95","12","1","8","standardized_mean_shift","0.76301717962639","57"
"96","12","1","8","standardized_mean_shift","0.108567819585381","117"
"97","13","1","8","standardized_mean_shift","0.541492492050212","86"
"98","13","1","8","standardized_mean_shift","1.47904056731715","6"
"99","13","1","8","standardized_mean_shift","0.0357072775038713","125"
"100","13","1","8","standardized_mean_shift","0.3398597254491","103"
"101","13","1","8","standardized_mean_shift","0.946832458913031","36"
"102","13","1","8","standardized_mean_shift","0.939509850421503","37"
"103","13","1","8","standardized_mean_shift","0.885744390380691","41"
"104","13","1","8","standardized_mean_shift","0.508358313735076","91"
"105","14","1","8","standardized_mean_shift","0.663456664711397","72"
"106","14","1","8","standardized_mean_shift","1.50563673592027","5"
"107","14","1","8","standardized_mean_shift","0.192941867993531","113"
"108","14","1","8","standardized_mean_shift","0.172338821945583","114"
"109","14","1","8","standardized_mean_shift","0.778302177750455","56"
"110","14","1","8","standardized_mean_shift","1.03577954862068","24"
"111","14","1","8","standardized_mean_shift","0.970950275909039","32"
"112","14","1","8","standardized_mean_shift","0.460719539740004","95"
"113","15","1","8","standardized_mean_shift","0.553706829319762","85"
"114","15","1","8","standardized_mean_shift","1.35485723774043","10"
"115","15","1","8","standardized_mean_shift","0.422878596576026","98"
"116","15","1","8","standardized_mean_shift","0.196876436838016","112"
"117","15","1","8","standardized_mean_shift","0.0934025903176246","119"
"118","15","1","8","standardized_mean_shift","0.681661408932734","68"
"119","15","1","8","standardized_mean_shift","0.702554020813437","65"
"120","15","1","8","standardized_mean_shift","0.00189591926646992","128"
"121","16","1","8","standardized_mean_shift","0.561130966749","81"
"122","16","1","8","standardized_mean_shift","1.43698232408046","8"
"123","16","1","8","standardized_mean_shift","0.398746780490749","99"
"124","16","1","8","standardized_mean_shift","0.197636623769539","111"
"125","16","1","8","standardized_mean_shift","0.118249452326103","116"
"126","16","1","8","standardized_mean_shift","0.678589894383884","69"
"127","16","1","8","standardized_mean_shift","0.693725160682092","67"
"128","16","1","8","standardized_mean_shift","0.0508341177752499","122"
"1","1","1","9","standardized_mean_shift","0.952459144612329","44"
"2","1","1","9","standardized_mean_shift","0.857128389741468","67"
"3","1","1","9","standardized_mean_shift","0.921712071820775","54"
"4","1","1","9","standardized_mean_shift","0.921972241201044","52"
"5","1","1","9","standardized_mean_shift","0.718867436272915","81"
"6","1","1","9","standardized_mean_shift","0.945381061262215","45"
"7","1","1","9","standardized_mean_shift","0.859216605851382","66"
"8","1","1","9","standardized_mean_shift","0.572993235213215","93"
"9","2","1","9","standardized_mean_shift","0.970033994478272","39"
"10","2","1","9","standardized_mean_shift","0.0375469211689551","127"
"11","2","1","9","standardized_mean_shift","0.901393086186581","57"
"12","2","1","9","standardized_mean_shift","0.862652654304065","64"
"13","2","1","9","standardized_mean_shift","0.635902221771481","87"
"14","2","1","9","standardized_mean_shift","0.956847698660121","42"
"15","2","1","9","standardized_mean_shift","0.738442781351884","79"
"16","2","1","9","standardized_mean_shift","0.454288963864879","98"
"17","3","1","9","standardized_mean_shift","0.982415346979567","36"
"18","3","1","9","standardized_mean_shift","1.28950252575482","16"
"19","3","1","9","standardized_mean_shift","0.659553780372291","84"
"20","3","1","9","standardized_mean_shift","0.355879217480058","109"
"21","3","1","9","standardized_mean_shift","0.38392108203164","106"
"22","3","1","9","standardized_mean_shift","0.930342671522043","48"
"23","3","1","9","standardized_mean_shift","0.785381776887815","73"
"24","3","1","9","standardized_mean_shift","0.727030687713248","80"
"25","4","1","9","standardized_mean_shift","0.961341605648114","40"
"26","4","1","9","standardized_mean_shift","1.38572695115314","13"
"27","4","1","9","standardized_mean_shift","0.614692011800749","88"
"28","4","1","9","standardized_mean_shift","0.35696365817206","108"
"29","4","1","9","standardized_mean_shift","0.361670091651368","107"
"30","4","1","9","standardized_mean_shift","0.926301483946936","51"
"31","4","1","9","standardized_mean_shift","0.777301701964076","76"
"32","4","1","9","standardized_mean_shift","0.899767951595922","59"
"33","5","1","9","standardized_mean_shift","0.694268698947642","83"
"34","5","1","9","standardized_mean_shift","1.49835024717554","6"
"35","5","1","9","standardized_mean_shift","0.0880174660630676","123"
"36","5","1","9","standardized_mean_shift","0.587660338413242","90"
"37","5","1","9","standardized_mean_shift","1.97228069571409","2"
"38","5","1","9","standardized_mean_shift","0.880317296038117","61"
"39","5","1","9","standardized_mean_shift","0.577182264978717","92"
"40","5","1","9","standardized_mean_shift","2.40566131379923","1"
"41","6","1","9","standardized_mean_shift","0.997096798135323","34"
"42","6","1","9","standardized_mean_shift","1.47701173810829","8"
"43","6","1","9","standardized_mean_shift","0.437986773249169","100"
"44","6","1","9","standardized_mean_shift","0.027917712582464","128"
"45","6","1","9","standardized_mean_shift","1.35098839207977","15"
"46","6","1","9","standardized_mean_shift","1.13136666642634","17"
"47","6","1","9","standardized_mean_shift","0.860258245912633","65"
"48","6","1","9","standardized_mean_shift","1.66619617744659","4"
"49","7","1","9","standardized_mean_shift","0.816093993615061","69"
"50","7","1","9","standardized_mean_shift","1.37078540572581","14"
"51","7","1","9","standardized_mean_shift","0.46348795786777","97"
"52","7","1","9","standardized_mean_shift","0.131430213137297","117"
"53","7","1","9","standardized_mean_shift","0.390746611088553","105"
"54","7","1","9","standardized_mean_shift","0.870598993261461","62"
"55","7","1","9","standardized_mean_shift","0.791635875525375","72"
"56","7","1","9","standardized_mean_shift","0.509720852920306","96"
"57","8","1","9","standardized_mean_shift","0.78524045125285","74"
"58","8","1","9","standardized_mean_shift","1.41193429991196","12"
"59","8","1","9","standardized_mean_shift","0.430345842163545","101"
"60","8","1","9","standardized_mean_shift","0.0902798248088327","122"
"61","8","1","9","standardized_mean_shift","0.449036103140386","99"
"62","8","1","9","standardized_mean_shift","0.863130713672768","63"
"63","8","1","9","standardized_mean_shift","0.777450336775671","75"
"64","8","1","9","standardized_mean_shift","0.608448255723221","89"
"65","9","1","9","standardized_mean_shift","1.0340484319059","28"
"66","9","1","9","standardized_mean_shift","0.927765121222291","50"
"67","9","1","9","standardized_mean_shift","1.00264606751362","33"
"68","9","1","9","standardized_mean_shift","1.00360483348755","32"
"69","9","1","9","standardized_mean_shift","0.796225849075478","70"
"70","9","1","9","standardized_mean_shift","1.06674093037734","23"
"71","9","1","9","standardized_mean_shift","0.994096266501082","35"
"72","9","1","9","standardized_mean_shift","0.64457633390216","86"
"73","10","1","9","standardized_mean_shift","1.07573360354563","20"
"74","10","1","9","standardized_mean_shift","0.976792410167837","38"
"75","10","1","9","standardized_mean_shift","1.06718295181956","22"
"76","10","1","9","standardized_mean_shift","1.06879339900559","21"
"77","10","1","9","standardized_mean_shift","0.921922467510911","53"
"78","10","1","9","standardized_mean_shift","1.09582763391224","19"
"79","10","1","9","standardized_mean_shift","1.02699373283035","30"
"80","10","1","9","standardized_mean_shift","0.706535917840392","82"
"81","11","1","9","standardized_mean_shift","1.05606045358434","24"
"82","11","1","9","standardized_mean_shift","1.45107101484268","9"
"83","11","1","9","standardized_mean_shift","0.772058614748805","77"
"84","11","1","9","standardized_mean_shift","0.581119740542571","91"
"85","11","1","9","standardized_mean_shift","0.126127568078658","118"
"86","11","1","9","standardized_mean_shift","0.955272387805009","43"
"87","11","1","9","standardized_mean_shift","0.912239949904619","56"
"88","11","1","9","standardized_mean_shift","0.14859761247839","116"
"89","12","1","9","standardized_mean_shift","1.04645957795479","26"
"90","12","1","9","standardized_mean_shift","1.74037253847109","3"
"91","12","1","9","standardized_mean_shift","0.654745245380667","85"
"92","12","1","9","standardized_mean_shift","0.412423253437091","103"
"93","12","1","9","standardized_mean_shift","0.0632625363760752","126"
"94","12","1","9","standardized_mean_shift","1.02378933245834","31"
"95","12","1","9","standardized_mean_shift","0.960226663552989","41"
"96","12","1","9","standardized_mean_shift","0.0652432345095788","125"
"97","13","1","9","standardized_mean_shift","0.767362984196671","78"
"98","13","1","9","standardized_mean_shift","1.43930487287245","10"
"99","13","1","9","standardized_mean_shift","0.0992574168556989","121"
"100","13","1","9","standardized_mean_shift","0.228315992007512","115"
"101","13","1","9","standardized_mean_shift","1.03971597005201","27"
"102","13","1","9","standardized_mean_shift","1.03038881642667","29"
"103","13","1","9","standardized_mean_shift","0.977717676565849","37"
"104","13","1","9","standardized_mean_shift","0.417245073561515","102"
"105","14","1","9","standardized_mean_shift","0.849643530843206","68"
"106","14","1","9","standardized_mean_shift","1.43336129388089","11"
"107","14","1","9","standardized_mean_shift","0.23892143997993","112"
"108","14","1","9","standardized_mean_shift","0.0806732843301708","124"
"109","14","1","9","standardized_mean_shift","0.794489528535068","71"
"110","14","1","9","standardized_mean_shift","1.10879169180754","18"
"111","14","1","9","standardized_mean_shift","1.05092879105348","25"
"112","14","1","9","standardized_mean_shift","0.392325472752886","104"
"113","15","1","9","standardized_mean_shift","0.883607213907165","60"
"114","15","1","9","standardized_mean_shift","1.48713726843558","7"
"115","15","1","9","standardized_mean_shift","0.554869353515841","95"
"116","15","1","9","standardized_mean_shift","0.23638716694891","113"
"117","15","1","9","standardized_mean_shift","0.117816406096134","120"
"118","15","1","9","standardized_mean_shift","0.900728768411049","58"
"119","15","1","9","standardized_mean_shift","0.917302360752598","55"
"120","15","1","9","standardized_mean_shift","0.256176365343326","111"
"121","16","1","9","standardized_mean_shift","0.94091388958162","46"
"122","16","1","9","standardized_mean_shift","1.56742230801828","5"
"123","16","1","9","standardized_mean_shift","0.566589730581539","94"
"124","16","1","9","standardized_mean_shift","0.236101609490968","114"
"125","16","1","9","standardized_mean_shift","0.125874333892506","119"
"126","16","1","9","standardized_mean_shift","0.928506829900237","49"
"127","16","1","9","standardized_mean_shift","0.937500401608274","47"
"128","16","1","9","standardized_mean_shift","0.263159622115576","110"
"1","1","1","10","standardized_mean_shift","0.695545124915806","14"
"2","1","1","10","standardized_mean_shift","0.0791803450194528","104"
"3","1","1","10","standardized_mean_shift","0.622569618318483","19"
"4","1","1","10","standardized_mean_shift","0.605198345973818","24"
"5","1","1","10","standardized_mean_shift","0.304540255576554","65"
"6","1","1","10","standardized_mean_shift","0.702064745167436","12"
"7","1","1","10","standardized_mean_shift","0.494360888622747","34"
"8","1","1","10","standardized_mean_shift","0.109655026249726","96"
"9","2","1","10","standardized_mean_shift","0.54956765079771","29"
"10","2","1","10","standardized_mean_shift","0.255304995884459","69"
"11","2","1","10","standardized_mean_shift","0.451398543681571","46"
"12","2","1","10","standardized_mean_shift","0.432134004617263","49"
"13","2","1","10","standardized_mean_shift","0.0989745054288473","98"
"14","2","1","10","standardized_mean_shift","0.557767395563528","27"
"15","2","1","10","standardized_mean_shift","0.216279350910883","75"
"16","2","1","10","standardized_mean_shift","0.321456651211634","62"
"17","3","1","10","standardized_mean_shift","0.205877027343596","79"
"18","3","1","10","standardized_mean_shift","0.151270250731233","89"
"19","3","1","10","standardized_mean_shift","0.0533974698556867","113"
"20","3","1","10","standardized_mean_shift","0.195448927401609","82"
"21","3","1","10","standardized_mean_shift","0.493026110864974","35"
"22","3","1","10","standardized_mean_shift","0.11983592297187","95"
"23","3","1","10","standardized_mean_shift","0.0269819237241368","121"
"24","3","1","10","standardized_mean_shift","0.466312957907342","42"
"25","4","1","10","standardized_mean_shift","0.173863374164255","85"
"26","4","1","10","standardized_mean_shift","0.188847244571661","83"
"27","4","1","10","standardized_mean_shift","0.0870444177417173","101"
"28","4","1","10","standardized_mean_shift","0.213876965626341","77"
"29","4","1","10","standardized_mean_shift","0.494493995695462","33"
"30","4","1","10","standardized_mean_shift","0.0682293589586487","110"
"31","4","1","10","standardized_mean_shift","0.0153336557208249","123"
"32","4","1","10","standardized_mean_shift","0.512931491416579","30"
"33","5","1","10","standardized_mean_shift","0.0318235958254326","119"
"34","5","1","10","standardized_mean_shift","0.275173770682282","68"
"35","5","1","10","standardized_mean_shift","0.552431248030618","28"
"36","5","1","10","standardized_mean_shift","0.916299964849679","8"
"37","5","1","10","standardized_mean_shift","1.7025833203125","2"
"38","5","1","10","standardized_mean_shift","0.00785201864163398","125"
"39","5","1","10","standardized_mean_shift","0.155392225069162","88"
"40","5","1","10","standardized_mean_shift","1.13092667037766","7"
"41","6","1","10","standardized_mean_shift","0.36151714562943","58"
"42","6","1","10","standardized_mean_shift","0.329239048305054","61"
"43","6","1","10","standardized_mean_shift","0.0795035949613852","103"
"44","6","1","10","standardized_mean_shift","0.374582398492175","57"
"45","6","1","10","standardized_mean_shift","1.18202637756559","6"
"46","6","1","10","standardized_mean_shift","0.431394492643601","50"
"47","6","1","10","standardized_mean_shift","0.314789752631631","63"
"48","6","1","10","standardized_mean_shift","0.799820761412577","9"
"49","7","1","10","standardized_mean_shift","0.0352824000262545","118"
"50","7","1","10","standardized_mean_shift","0.422121827409772","52"
"51","7","1","10","standardized_mean_shift","0.284007198238927","67"
"52","7","1","10","standardized_mean_shift","0.447522019315536","48"
"53","7","1","10","standardized_mean_shift","0.618616362393181","23"
"54","7","1","10","standardized_mean_shift","0.0573614334420016","112"
"55","7","1","10","standardized_mean_shift","0.132528992294683","93"
"56","7","1","10","standardized_mean_shift","0.463646273486139","43"
"57","8","1","10","standardized_mean_shift","0.00713314609268491","126"
"58","8","1","10","standardized_mean_shift","0.428768412354669","51"
"59","8","1","10","standardized_mean_shift","0.300444534194635","66"
"60","8","1","10","standardized_mean_shift","0.46212523919623","44"
"61","8","1","10","standardized_mean_shift","0.645308999920402","16"
"62","8","1","10","standardized_mean_shift","0.0767259337733815","106"
"63","8","1","10","standardized_mean_shift","0.145093799626772","91"
"64","8","1","10","standardized_mean_shift","0.466358794215119","41"
"65","9","1","10","standardized_mean_shift","0.620440848277134","21"
"66","9","1","10","standardized_mean_shift","0.14554599944328","90"
"67","9","1","10","standardized_mean_shift","0.497375721507615","32"
"68","9","1","10","standardized_mean_shift","0.450073114764175","47"
"69","9","1","10","standardized_mean_shift","0.0675231197592617","111"
"70","9","1","10","standardized_mean_shift","0.649346338318812","15"
"71","9","1","10","standardized_mean_shift","0.308053563883933","64"
"72","9","1","10","standardized_mean_shift","0.359156688951227","59"
"73","10","1","10","standardized_mean_shift","0.727848292932773","11"
"74","10","1","10","standardized_mean_shift","0.172670819833659","86"
"75","10","1","10","standardized_mean_shift","0.627662115519827","18"
"76","10","1","10","standardized_mean_shift","0.58640778290696","25"
"77","10","1","10","standardized_mean_shift","0.236212880563102","71"
"78","10","1","10","standardized_mean_shift","0.745644711420691","10"
"79","10","1","10","standardized_mean_shift","0.484956605203083","37"
"80","10","1","10","standardized_mean_shift","0.224091260578165","72"
"81","11","1","10","standardized_mean_shift","0.217984172909434","74"
"82","11","1","10","standardized_mean_shift","0.195741255903091","81"
"83","11","1","10","standardized_mean_shift","0.0209990354947865","122"
"84","11","1","10","standardized_mean_shift","0.0717117776664603","108"
"85","11","1","10","standardized_mean_shift","0.459890943851364","45"
"86","11","1","10","standardized_mean_shift","0.103534059232568","97"
"87","11","1","10","standardized_mean_shift","0.00381090420538451","127"
"88","11","1","10","standardized_mean_shift","0.492176869975613","36"
"89","12","1","10","standardized_mean_shift","0.130450285601595","94"
"90","12","1","10","standardized_mean_shift","0.390520706468238","55"
"91","12","1","10","standardized_mean_shift","0.0928606930846165","100"
"92","12","1","10","standardized_mean_shift","0.222850193992421","73"
"93","12","1","10","standardized_mean_shift","0.621678109167315","20"
"94","12","1","10","standardized_mean_shift","0.0291617785172734","120"
"95","12","1","10","standardized_mean_shift","0.0728783589853601","107"
"96","12","1","10","standardized_mean_shift","0.562419957717939","26"
"97","13","1","10","standardized_mean_shift","0.0394713193717525","117"
"98","13","1","10","standardized_mean_shift","0.00327155616525325","128"
"99","13","1","10","standardized_mean_shift","0.408907255156151","53"
"100","13","1","10","standardized_mean_shift","0.64470144073813","17"
"101","13","1","10","standardized_mean_shift","1.7461544552562","1"
"102","13","1","10","standardized_mean_shift","0.0867245097185286","102"
"103","13","1","10","standardized_mean_shift","0.0469451820522951","115"
"104","13","1","10","standardized_mean_shift","1.22647204396226","5"
"105","14","1","10","standardized_mean_shift","0.197184901406871","80"
"106","14","1","10","standardized_mean_shift","0.0128423954213908","124"
"107","14","1","10","standardized_mean_shift","0.176890612482216","84"
"108","14","1","10","standardized_mean_shift","0.389905852686866","56"
"109","14","1","10","standardized_mean_shift","1.48890188298951","3"
"110","14","1","10","standardized_mean_shift","0.215290028391898","76"
"111","14","1","10","standardized_mean_shift","0.0776976777480971","105"
"112","14","1","10","standardized_mean_shift","1.2418932390805","4"
"113","15","1","10","standardized_mean_shift","0.0509182827354915","114"
"114","15","1","10","standardized_mean_shift","0.466813758866411","40"
"115","15","1","10","standardized_mean_shift","0.208230560280891","78"
"116","15","1","10","standardized_mean_shift","0.351409997928227","60"
"117","15","1","10","standardized_mean_shift","0.619483474882368","22"
"118","15","1","10","standardized_mean_shift","0.0708329249080364","109"
"119","15","1","10","standardized_mean_shift","0.135593209874762","92"
"120","15","1","10","standardized_mean_shift","0.470892022577538","39"
"121","16","1","10","standardized_mean_shift","0.0446498761272453","116"
"122","16","1","10","standardized_mean_shift","0.484087901769161","38"
"123","16","1","10","standardized_mean_shift","0.242093214593185","70"
"124","16","1","10","standardized_mean_shift","0.40634232474828","54"
"125","16","1","10","standardized_mean_shift","0.700331736163942","13"
"126","16","1","10","standardized_mean_shift","0.093452483783215","99"
"127","16","1","10","standardized_mean_shift","0.172019360950458","87"
"128","16","1","10","standardized_mean_shift","0.499675839920896","31"
