experiment_id,model_id,method,batch,top_k,feature_index,feature_name,importance,rank,status
EXP-XAI-0001,MODEL-C1,INTRINSIC_COEFFICIENT,ALL,1,64,S9:dR,0.49087808980094527,1,EXECUTED
EXP-XAI-0001,MODEL-C1,INTRINSIC_COEFFICIENT,ALL,3,64,S9:dR,0.49087808980094527,1,EXECUTED
EXP-XAI-0001,MODEL-C1,INTRINSIC_COEFFICIENT,ALL,3,72,S10:dR,0.4841492133511514,2,EXECUTED
EXP-XAI-0001,MODEL-C1,INTRINSIC_COEFFICIENT,ALL,3,8,S2:dR,0.4702704173980215,3,EXECUTED
EXP-XAI-0001,MODEL-C1,INTRINSIC_COEFFICIENT,ALL,5,64,S9:dR,0.49087808980094527,1,EXECUTED
EXP-XAI-0001,MODEL-C1,INTRINSIC_COEFFICIENT,ALL,5,72,S10:dR,0.4841492133511514,2,EXECUTED
EXP-XAI-0001,MODEL-C1,INTRINSIC_COEFFICIENT,ALL,5,8,S2:dR,0.4702704173980215,3,EXECUTED
EXP-XAI-0001,MODEL-C1,INTRINSIC_COEFFICIENT,ALL,5,0,S1:dR,0.41480788315803413,4,EXECUTED
EXP-XAI-0001,MODEL-C1,INTRINSIC_COEFFICIENT,ALL,5,102,S13:EMAd_0.01,0.3497493935697049,5,EXECUTED
EXP-XAI-0001,MODEL-C1,INTRINSIC_COEFFICIENT,ALL,10,64,S9:dR,0.49087808980094527,1,EXECUTED
EXP-XAI-0001,MODEL-C1,INTRINSIC_COEFFICIENT,ALL,10,72,S10:dR,0.4841492133511514,2,EXECUTED
EXP-XAI-0001,MODEL-C1,INTRINSIC_COEFFICIENT,ALL,10,8,S2:dR,0.4702704173980215,3,EXECUTED
EXP-XAI-0001,MODEL-C1,INTRINSIC_COEFFICIENT,ALL,10,0,S1:dR,0.41480788315803413,4,EXECUTED
EXP-XAI-0001,MODEL-C1,INTRINSIC_COEFFICIENT,ALL,10,102,S13:EMAd_0.01,0.3497493935697049,5,EXECUTED
EXP-XAI-0001,MODEL-C1,INTRINSIC_COEFFICIENT,ALL,10,63,S8:EMAd_0.1,0.32058679248684013,6,EXECUTED
EXP-XAI-0001,MODEL-C1,INTRINSIC_COEFFICIENT,ALL,10,87,S11:EMAd_0.1,0.30517697233461344,7,EXECUTED
EXP-XAI-0001,MODEL-C1,INTRINSIC_COEFFICIENT,ALL,10,23,S3:EMAd_0.1,0.3022434665731928,8,EXECUTED
EXP-XAI-0001,MODEL-C1,INTRINSIC_COEFFICIENT,ALL,10,12,S2:EMAi_0.1,0.29433796728281186,9,EXECUTED
EXP-XAI-0001,MODEL-C1,INTRINSIC_COEFFICIENT,ALL,10,76,S10:EMAi_0.1,0.29297838379550467,10,EXECUTED
EXP-XAI-0001,MODEL-C1,PERMUTATION_IMPORTANCE_MACRO_F1,2,1,64,S9:dR,0.09798744657785854,1,EXECUTED
EXP-XAI-0001,MODEL-C1,PERMUTATION_IMPORTANCE_MACRO_F1,2,3,64,S9:dR,0.09798744657785854,1,EXECUTED
EXP-XAI-0001,MODEL-C1,PERMUTATION_IMPORTANCE_MACRO_F1,2,3,8,S2:dR,0.08704129916105911,2,EXECUTED
EXP-XAI-0001,MODEL-C1,PERMUTATION_IMPORTANCE_MACRO_F1,2,3,72,S10:dR,0.08520459089972339,3,EXECUTED
EXP-XAI-0001,MODEL-C1,PERMUTATION_IMPORTANCE_MACRO_F1,2,5,64,S9:dR,0.09798744657785854,1,EXECUTED
EXP-XAI-0001,MODEL-C1,PERMUTATION_IMPORTANCE_MACRO_F1,2,5,8,S2:dR,0.08704129916105911,2,EXECUTED
EXP-XAI-0001,MODEL-C1,PERMUTATION_IMPORTANCE_MACRO_F1,2,5,72,S10:dR,0.08520459089972339,3,EXECUTED
EXP-XAI-0001,MODEL-C1,PERMUTATION_IMPORTANCE_MACRO_F1,2,5,7,S1:EMAd_0.1,0.07294656841602878,4,EXECUTED
EXP-XAI-0001,MODEL-C1,PERMUTATION_IMPORTANCE_MACRO_F1,2,5,52,S7:EMAi_0.1,0.0610527675245008,5,EXECUTED
EXP-XAI-0001,MODEL-C1,PERMUTATION_IMPORTANCE_MACRO_F1,2,10,64,S9:dR,0.09798744657785854,1,EXECUTED
EXP-XAI-0001,MODEL-C1,PERMUTATION_IMPORTANCE_MACRO_F1,2,10,8,S2:dR,0.08704129916105911,2,EXECUTED
EXP-XAI-0001,MODEL-C1,PERMUTATION_IMPORTANCE_MACRO_F1,2,10,72,S10:dR,0.08520459089972339,3,EXECUTED
EXP-XAI-0001,MODEL-C1,PERMUTATION_IMPORTANCE_MACRO_F1,2,10,7,S1:EMAd_0.1,0.07294656841602878,4,EXECUTED
EXP-XAI-0001,MODEL-C1,PERMUTATION_IMPORTANCE_MACRO_F1,2,10,52,S7:EMAi_0.1,0.0610527675245008,5,EXECUTED
EXP-XAI-0001,MODEL-C1,PERMUTATION_IMPORTANCE_MACRO_F1,2,10,124,S16:EMAi_0.1,0.06082164809830992,6,EXECUTED
EXP-XAI-0001,MODEL-C1,PERMUTATION_IMPORTANCE_MACRO_F1,2,10,116,S15:EMAi_0.1,0.059984962868532984,7,EXECUTED
EXP-XAI-0001,MODEL-C1,PERMUTATION_IMPORTANCE_MACRO_F1,2,10,125,S16:EMAd_0.001,0.05698842380661524,8,EXECUTED
EXP-XAI-0001,MODEL-C1,PERMUTATION_IMPORTANCE_MACRO_F1,2,10,53,S7:EMAd_0.001,0.056337397478243845,9,EXECUTED
EXP-XAI-0001,MODEL-C1,PERMUTATION_IMPORTANCE_MACRO_F1,2,10,60,S8:EMAi_0.1,0.05621771988911184,10,EXECUTED
EXP-XAI-0001,MODEL-C1,PERMUTATION_IMPORTANCE_MACRO_F1,3,1,98,S13:EMAi_0.001,0.04471644230594131,1,EXECUTED
EXP-XAI-0001,MODEL-C1,PERMUTATION_IMPORTANCE_MACRO_F1,3,3,98,S13:EMAi_0.001,0.04471644230594131,1,EXECUTED
EXP-XAI-0001,MODEL-C1,PERMUTATION_IMPORTANCE_MACRO_F1,3,3,99,S13:EMAi_0.01,0.0424835167510038,2,EXECUTED
EXP-XAI-0001,MODEL-C1,PERMUTATION_IMPORTANCE_MACRO_F1,3,3,106,S14:EMAi_0.001,0.03956317289115267,3,EXECUTED
EXP-XAI-0001,MODEL-C1,PERMUTATION_IMPORTANCE_MACRO_F1,3,5,98,S13:EMAi_0.001,0.04471644230594131,1,EXECUTED
EXP-XAI-0001,MODEL-C1,PERMUTATION_IMPORTANCE_MACRO_F1,3,5,99,S13:EMAi_0.01,0.0424835167510038,2,EXECUTED
EXP-XAI-0001,MODEL-C1,PERMUTATION_IMPORTANCE_MACRO_F1,3,5,106,S14:EMAi_0.001,0.03956317289115267,3,EXECUTED
EXP-XAI-0001,MODEL-C1,PERMUTATION_IMPORTANCE_MACRO_F1,3,5,34,S5:EMAi_0.001,0.027373427711421115,4,EXECUTED
EXP-XAI-0001,MODEL-C1,PERMUTATION_IMPORTANCE_MACRO_F1,3,5,42,S6:EMAi_0.001,0.02230227816760454,5,EXECUTED
EXP-XAI-0001,MODEL-C1,PERMUTATION_IMPORTANCE_MACRO_F1,3,10,98,S13:EMAi_0.001,0.04471644230594131,1,EXECUTED
EXP-XAI-0001,MODEL-C1,PERMUTATION_IMPORTANCE_MACRO_F1,3,10,99,S13:EMAi_0.01,0.0424835167510038,2,EXECUTED
EXP-XAI-0001,MODEL-C1,PERMUTATION_IMPORTANCE_MACRO_F1,3,10,106,S14:EMAi_0.001,0.03956317289115267,3,EXECUTED
EXP-XAI-0001,MODEL-C1,PERMUTATION_IMPORTANCE_MACRO_F1,3,10,34,S5:EMAi_0.001,0.027373427711421115,4,EXECUTED
EXP-XAI-0001,MODEL-C1,PERMUTATION_IMPORTANCE_MACRO_F1,3,10,42,S6:EMAi_0.001,0.02230227816760454,5,EXECUTED
EXP-XAI-0001,MODEL-C1,PERMUTATION_IMPORTANCE_MACRO_F1,3,10,107,S14:EMAi_0.01,0.0148434138438015,6,EXECUTED
EXP-XAI-0001,MODEL-C1,PERMUTATION_IMPORTANCE_MACRO_F1,3,10,58,S8:EMAi_0.001,0.013767008799040071,7,EXECUTED
EXP-XAI-0001,MODEL-C1,PERMUTATION_IMPORTANCE_MACRO_F1,3,10,50,S7:EMAi_0.001,0.012832690033439365,8,EXECUTED
EXP-XAI-0001,MODEL-C1,PERMUTATION_IMPORTANCE_MACRO_F1,3,10,0,S1:dR,0.011438383688412945,9,EXECUTED
EXP-XAI-0001,MODEL-C1,PERMUTATION_IMPORTANCE_MACRO_F1,3,10,43,S6:EMAi_0.01,0.010812244977819107,10,EXECUTED
EXP-XAI-0001,MODEL-C1,PERMUTATION_IMPORTANCE_MACRO_F1,4,1,54,S7:EMAd_0.01,0.013767791237326072,1,EXECUTED
EXP-XAI-0001,MODEL-C1,PERMUTATION_IMPORTANCE_MACRO_F1,4,3,54,S7:EMAd_0.01,0.013767791237326072,1,EXECUTED
EXP-XAI-0001,MODEL-C1,PERMUTATION_IMPORTANCE_MACRO_F1,4,3,53,S7:EMAd_0.001,0.013631562961549182,2,EXECUTED
EXP-XAI-0001,MODEL-C1,PERMUTATION_IMPORTANCE_MACRO_F1,4,3,118,S15:EMAd_0.01,0.013573857338273942,3,EXECUTED
EXP-XAI-0001,MODEL-C1,PERMUTATION_IMPORTANCE_MACRO_F1,4,5,54,S7:EMAd_0.01,0.013767791237326072,1,EXECUTED
EXP-XAI-0001,MODEL-C1,PERMUTATION_IMPORTANCE_MACRO_F1,4,5,53,S7:EMAd_0.001,0.013631562961549182,2,EXECUTED
EXP-XAI-0001,MODEL-C1,PERMUTATION_IMPORTANCE_MACRO_F1,4,5,118,S15:EMAd_0.01,0.013573857338273942,3,EXECUTED
EXP-XAI-0001,MODEL-C1,PERMUTATION_IMPORTANCE_MACRO_F1,4,5,62,S8:EMAd_0.01,0.010928983770654955,4,EXECUTED
EXP-XAI-0001,MODEL-C1,PERMUTATION_IMPORTANCE_MACRO_F1,4,5,125,S16:EMAd_0.001,0.010399982071827768,5,EXECUTED
EXP-XAI-0001,MODEL-C1,PERMUTATION_IMPORTANCE_MACRO_F1,4,10,54,S7:EMAd_0.01,0.013767791237326072,1,EXECUTED
EXP-XAI-0001,MODEL-C1,PERMUTATION_IMPORTANCE_MACRO_F1,4,10,53,S7:EMAd_0.001,0.013631562961549182,2,EXECUTED
EXP-XAI-0001,MODEL-C1,PERMUTATION_IMPORTANCE_MACRO_F1,4,10,118,S15:EMAd_0.01,0.013573857338273942,3,EXECUTED
EXP-XAI-0001,MODEL-C1,PERMUTATION_IMPORTANCE_MACRO_F1,4,10,62,S8:EMAd_0.01,0.010928983770654955,4,EXECUTED
EXP-XAI-0001,MODEL-C1,PERMUTATION_IMPORTANCE_MACRO_F1,4,10,125,S16:EMAd_0.001,0.010399982071827768,5,EXECUTED
EXP-XAI-0001,MODEL-C1,PERMUTATION_IMPORTANCE_MACRO_F1,4,10,117,S15:EMAd_0.001,0.00973259577010333,6,EXECUTED
EXP-XAI-0001,MODEL-C1,PERMUTATION_IMPORTANCE_MACRO_F1,4,10,61,S8:EMAd_0.001,0.009622917918139556,7,EXECUTED
EXP-XAI-0001,MODEL-C1,PERMUTATION_IMPORTANCE_MACRO_F1,4,10,85,S11:EMAd_0.001,0.00880360319367604,8,EXECUTED
EXP-XAI-0001,MODEL-C1,PERMUTATION_IMPORTANCE_MACRO_F1,4,10,21,S3:EMAd_0.001,0.008773877875993213,9,EXECUTED
EXP-XAI-0001,MODEL-C1,PERMUTATION_IMPORTANCE_MACRO_F1,4,10,29,S4:EMAd_0.001,0.008499999145099395,10,EXECUTED
EXP-XAI-0001,MODEL-C1,PERMUTATION_IMPORTANCE_MACRO_F1,5,1,106,S14:EMAi_0.001,0.03657606696278869,1,EXECUTED
EXP-XAI-0001,MODEL-C1,PERMUTATION_IMPORTANCE_MACRO_F1,5,3,106,S14:EMAi_0.001,0.03657606696278869,1,EXECUTED
EXP-XAI-0001,MODEL-C1,PERMUTATION_IMPORTANCE_MACRO_F1,5,3,0,S1:dR,0.03364565310969013,2,EXECUTED
EXP-XAI-0001,MODEL-C1,PERMUTATION_IMPORTANCE_MACRO_F1,5,3,103,S13:EMAd_0.1,0.03142346319768076,3,EXECUTED
EXP-XAI-0001,MODEL-C1,PERMUTATION_IMPORTANCE_MACRO_F1,5,5,106,S14:EMAi_0.001,0.03657606696278869,1,EXECUTED
EXP-XAI-0001,MODEL-C1,PERMUTATION_IMPORTANCE_MACRO_F1,5,5,0,S1:dR,0.03364565310969013,2,EXECUTED
EXP-XAI-0001,MODEL-C1,PERMUTATION_IMPORTANCE_MACRO_F1,5,5,103,S13:EMAd_0.1,0.03142346319768076,3,EXECUTED
EXP-XAI-0001,MODEL-C1,PERMUTATION_IMPORTANCE_MACRO_F1,5,5,42,S6:EMAi_0.001,0.025789276728885334,4,EXECUTED
EXP-XAI-0001,MODEL-C1,PERMUTATION_IMPORTANCE_MACRO_F1,5,5,34,S5:EMAi_0.001,0.025615753329225555,5,EXECUTED
EXP-XAI-0001,MODEL-C1,PERMUTATION_IMPORTANCE_MACRO_F1,5,10,106,S14:EMAi_0.001,0.03657606696278869,1,EXECUTED
EXP-XAI-0001,MODEL-C1,PERMUTATION_IMPORTANCE_MACRO_F1,5,10,0,S1:dR,0.03364565310969013,2,EXECUTED
EXP-XAI-0001,MODEL-C1,PERMUTATION_IMPORTANCE_MACRO_F1,5,10,103,S13:EMAd_0.1,0.03142346319768076,3,EXECUTED
EXP-XAI-0001,MODEL-C1,PERMUTATION_IMPORTANCE_MACRO_F1,5,10,42,S6:EMAi_0.001,0.025789276728885334,4,EXECUTED
EXP-XAI-0001,MODEL-C1,PERMUTATION_IMPORTANCE_MACRO_F1,5,10,34,S5:EMAi_0.001,0.025615753329225555,5,EXECUTED
EXP-XAI-0001,MODEL-C1,PERMUTATION_IMPORTANCE_MACRO_F1,5,10,107,S14:EMAi_0.01,0.025183071733759572,6,EXECUTED
EXP-XAI-0001,MODEL-C1,PERMUTATION_IMPORTANCE_MACRO_F1,5,10,48,S7:dR,0.02059343621767514,7,EXECUTED
EXP-XAI-0001,MODEL-C1,PERMUTATION_IMPORTANCE_MACRO_F1,5,10,105,S14:dR_norm,0.020443674322804722,8,EXECUTED
EXP-XAI-0001,MODEL-C1,PERMUTATION_IMPORTANCE_MACRO_F1,5,10,8,S2:dR,0.018495463514780368,9,EXECUTED
EXP-XAI-0001,MODEL-C1,PERMUTATION_IMPORTANCE_MACRO_F1,5,10,52,S7:EMAi_0.1,0.018031624706744697,10,EXECUTED
EXP-XAI-0001,MODEL-C1,PERMUTATION_IMPORTANCE_MACRO_F1,6,1,98,S13:EMAi_0.001,0.019377892868791047,1,EXECUTED
EXP-XAI-0001,MODEL-C1,PERMUTATION_IMPORTANCE_MACRO_F1,6,3,98,S13:EMAi_0.001,0.019377892868791047,1,EXECUTED
EXP-XAI-0001,MODEL-C1,PERMUTATION_IMPORTANCE_MACRO_F1,6,3,106,S14:EMAi_0.001,0.018430330678144962,2,EXECUTED
EXP-XAI-0001,MODEL-C1,PERMUTATION_IMPORTANCE_MACRO_F1,6,3,99,S13:EMAi_0.01,0.0178279139152826,3,EXECUTED
EXP-XAI-0001,MODEL-C1,PERMUTATION_IMPORTANCE_MACRO_F1,6,5,98,S13:EMAi_0.001,0.019377892868791047,1,EXECUTED
EXP-XAI-0001,MODEL-C1,PERMUTATION_IMPORTANCE_MACRO_F1,6,5,106,S14:EMAi_0.001,0.018430330678144962,2,EXECUTED
EXP-XAI-0001,MODEL-C1,PERMUTATION_IMPORTANCE_MACRO_F1,6,5,99,S13:EMAi_0.01,0.0178279139152826,3,EXECUTED
EXP-XAI-0001,MODEL-C1,PERMUTATION_IMPORTANCE_MACRO_F1,6,5,105,S14:dR_norm,0.01657195751593758,4,EXECUTED
EXP-XAI-0001,MODEL-C1,PERMUTATION_IMPORTANCE_MACRO_F1,6,5,42,S6:EMAi_0.001,0.014147142143180863,5,EXECUTED
EXP-XAI-0001,MODEL-C1,PERMUTATION_IMPORTANCE_MACRO_F1,6,10,98,S13:EMAi_0.001,0.019377892868791047,1,EXECUTED
EXP-XAI-0001,MODEL-C1,PERMUTATION_IMPORTANCE_MACRO_F1,6,10,106,S14:EMAi_0.001,0.018430330678144962,2,EXECUTED
EXP-XAI-0001,MODEL-C1,PERMUTATION_IMPORTANCE_MACRO_F1,6,10,99,S13:EMAi_0.01,0.0178279139152826,3,EXECUTED
EXP-XAI-0001,MODEL-C1,PERMUTATION_IMPORTANCE_MACRO_F1,6,10,105,S14:dR_norm,0.01657195751593758,4,EXECUTED
EXP-XAI-0001,MODEL-C1,PERMUTATION_IMPORTANCE_MACRO_F1,6,10,42,S6:EMAi_0.001,0.014147142143180863,5,EXECUTED
EXP-XAI-0001,MODEL-C1,PERMUTATION_IMPORTANCE_MACRO_F1,6,10,107,S14:EMAi_0.01,0.013751098832191045,6,EXECUTED
EXP-XAI-0001,MODEL-C1,PERMUTATION_IMPORTANCE_MACRO_F1,6,10,104,S14:dR,0.013200360780077237,7,EXECUTED
EXP-XAI-0001,MODEL-C1,PERMUTATION_IMPORTANCE_MACRO_F1,6,10,34,S5:EMAi_0.001,0.012926438236593568,8,EXECUTED
EXP-XAI-0001,MODEL-C1,PERMUTATION_IMPORTANCE_MACRO_F1,6,10,8,S2:dR,0.012867783297918083,9,EXECUTED
EXP-XAI-0001,MODEL-C1,PERMUTATION_IMPORTANCE_MACRO_F1,6,10,0,S1:dR,0.011727523891902436,10,EXECUTED
EXP-XAI-0001,MODEL-C1,PERMUTATION_IMPORTANCE_MACRO_F1,7,1,8,S2:dR,0.0394531835469456,1,EXECUTED
EXP-XAI-0001,MODEL-C1,PERMUTATION_IMPORTANCE_MACRO_F1,7,3,8,S2:dR,0.0394531835469456,1,EXECUTED
EXP-XAI-0001,MODEL-C1,PERMUTATION_IMPORTANCE_MACRO_F1,7,3,98,S13:EMAi_0.001,0.03775768771873724,2,EXECUTED
EXP-XAI-0001,MODEL-C1,PERMUTATION_IMPORTANCE_MACRO_F1,7,3,99,S13:EMAi_0.01,0.036461800500079765,3,EXECUTED
EXP-XAI-0001,MODEL-C1,PERMUTATION_IMPORTANCE_MACRO_F1,7,5,8,S2:dR,0.0394531835469456,1,EXECUTED
EXP-XAI-0001,MODEL-C1,PERMUTATION_IMPORTANCE_MACRO_F1,7,5,98,S13:EMAi_0.001,0.03775768771873724,2,EXECUTED
EXP-XAI-0001,MODEL-C1,PERMUTATION_IMPORTANCE_MACRO_F1,7,5,99,S13:EMAi_0.01,0.036461800500079765,3,EXECUTED
EXP-XAI-0001,MODEL-C1,PERMUTATION_IMPORTANCE_MACRO_F1,7,5,106,S14:EMAi_0.001,0.03509581553887191,4,EXECUTED
EXP-XAI-0001,MODEL-C1,PERMUTATION_IMPORTANCE_MACRO_F1,7,5,52,S7:EMAi_0.1,0.03321339136620758,5,EXECUTED
EXP-XAI-0001,MODEL-C1,PERMUTATION_IMPORTANCE_MACRO_F1,7,10,8,S2:dR,0.0394531835469456,1,EXECUTED
EXP-XAI-0001,MODEL-C1,PERMUTATION_IMPORTANCE_MACRO_F1,7,10,98,S13:EMAi_0.001,0.03775768771873724,2,EXECUTED
EXP-XAI-0001,MODEL-C1,PERMUTATION_IMPORTANCE_MACRO_F1,7,10,99,S13:EMAi_0.01,0.036461800500079765,3,EXECUTED
EXP-XAI-0001,MODEL-C1,PERMUTATION_IMPORTANCE_MACRO_F1,7,10,106,S14:EMAi_0.001,0.03509581553887191,4,EXECUTED
EXP-XAI-0001,MODEL-C1,PERMUTATION_IMPORTANCE_MACRO_F1,7,10,52,S7:EMAi_0.1,0.03321339136620758,5,EXECUTED
EXP-XAI-0001,MODEL-C1,PERMUTATION_IMPORTANCE_MACRO_F1,7,10,124,S16:EMAi_0.1,0.03249188098723791,6,EXECUTED
EXP-XAI-0001,MODEL-C1,PERMUTATION_IMPORTANCE_MACRO_F1,7,10,50,S7:EMAi_0.001,0.031223937864135753,7,EXECUTED
EXP-XAI-0001,MODEL-C1,PERMUTATION_IMPORTANCE_MACRO_F1,7,10,60,S8:EMAi_0.1,0.031012448935275994,8,EXECUTED
EXP-XAI-0001,MODEL-C1,PERMUTATION_IMPORTANCE_MACRO_F1,7,10,53,S7:EMAd_0.001,0.029919872369001455,9,EXECUTED
EXP-XAI-0001,MODEL-C1,PERMUTATION_IMPORTANCE_MACRO_F1,7,10,125,S16:EMAd_0.001,0.028089476967367688,10,EXECUTED
EXP-XAI-0001,MODEL-C1,PERMUTATION_IMPORTANCE_MACRO_F1,8,1,95,S12:EMAd_0.1,0.03312607901177793,1,EXECUTED
EXP-XAI-0001,MODEL-C1,PERMUTATION_IMPORTANCE_MACRO_F1,8,3,95,S12:EMAd_0.1,0.03312607901177793,1,EXECUTED
EXP-XAI-0001,MODEL-C1,PERMUTATION_IMPORTANCE_MACRO_F1,8,3,23,S3:EMAd_0.1,0.030715805273012285,2,EXECUTED
EXP-XAI-0001,MODEL-C1,PERMUTATION_IMPORTANCE_MACRO_F1,8,3,8,S2:dR,0.02786069650245121,3,EXECUTED
EXP-XAI-0001,MODEL-C1,PERMUTATION_IMPORTANCE_MACRO_F1,8,5,95,S12:EMAd_0.1,0.03312607901177793,1,EXECUTED
EXP-XAI-0001,MODEL-C1,PERMUTATION_IMPORTANCE_MACRO_F1,8,5,23,S3:EMAd_0.1,0.030715805273012285,2,EXECUTED
EXP-XAI-0001,MODEL-C1,PERMUTATION_IMPORTANCE_MACRO_F1,8,5,8,S2:dR,0.02786069650245121,3,EXECUTED
EXP-XAI-0001,MODEL-C1,PERMUTATION_IMPORTANCE_MACRO_F1,8,5,103,S13:EMAd_0.1,0.026134552564675284,4,EXECUTED
EXP-XAI-0001,MODEL-C1,PERMUTATION_IMPORTANCE_MACRO_F1,8,5,98,S13:EMAi_0.001,0.019607962607694863,5,EXECUTED
EXP-XAI-0001,MODEL-C1,PERMUTATION_IMPORTANCE_MACRO_F1,8,10,95,S12:EMAd_0.1,0.03312607901177793,1,EXECUTED
EXP-XAI-0001,MODEL-C1,PERMUTATION_IMPORTANCE_MACRO_F1,8,10,23,S3:EMAd_0.1,0.030715805273012285,2,EXECUTED
EXP-XAI-0001,MODEL-C1,PERMUTATION_IMPORTANCE_MACRO_F1,8,10,8,S2:dR,0.02786069650245121,3,EXECUTED
EXP-XAI-0001,MODEL-C1,PERMUTATION_IMPORTANCE_MACRO_F1,8,10,103,S13:EMAd_0.1,0.026134552564675284,4,EXECUTED
EXP-XAI-0001,MODEL-C1,PERMUTATION_IMPORTANCE_MACRO_F1,8,10,98,S13:EMAi_0.001,0.019607962607694863,5,EXECUTED
EXP-XAI-0001,MODEL-C1,PERMUTATION_IMPORTANCE_MACRO_F1,8,10,106,S14:EMAi_0.001,0.01948454792473172,6,EXECUTED
EXP-XAI-0001,MODEL-C1,PERMUTATION_IMPORTANCE_MACRO_F1,8,10,87,S11:EMAd_0.1,0.018394670717556117,7,EXECUTED
EXP-XAI-0001,MODEL-C1,PERMUTATION_IMPORTANCE_MACRO_F1,8,10,31,S4:EMAd_0.1,0.01671897557728199,8,EXECUTED
EXP-XAI-0001,MODEL-C1,PERMUTATION_IMPORTANCE_MACRO_F1,8,10,99,S13:EMAi_0.01,0.014424652236063628,9,EXECUTED
EXP-XAI-0001,MODEL-C1,PERMUTATION_IMPORTANCE_MACRO_F1,8,10,15,S2:EMAd_0.1,0.013719950399479163,10,EXECUTED
EXP-XAI-0001,MODEL-C1,PERMUTATION_IMPORTANCE_MACRO_F1,9,1,35,S5:EMAi_0.01,0.000904036072469161,1,EXECUTED
EXP-XAI-0001,MODEL-C1,PERMUTATION_IMPORTANCE_MACRO_F1,9,3,35,S5:EMAi_0.01,0.000904036072469161,1,EXECUTED
EXP-XAI-0001,MODEL-C1,PERMUTATION_IMPORTANCE_MACRO_F1,9,3,25,S4:dR_norm,4.4894741514978076e-05,2,EXECUTED
EXP-XAI-0001,MODEL-C1,PERMUTATION_IMPORTANCE_MACRO_F1,9,3,89,S12:dR_norm,2.2447370757489038e-05,3,EXECUTED
EXP-XAI-0001,MODEL-C1,PERMUTATION_IMPORTANCE_MACRO_F1,9,5,35,S5:EMAi_0.01,0.000904036072469161,1,EXECUTED
EXP-XAI-0001,MODEL-C1,PERMUTATION_IMPORTANCE_MACRO_F1,9,5,25,S4:dR_norm,4.4894741514978076e-05,2,EXECUTED
EXP-XAI-0001,MODEL-C1,PERMUTATION_IMPORTANCE_MACRO_F1,9,5,89,S12:dR_norm,2.2447370757489038e-05,3,EXECUTED
EXP-XAI-0001,MODEL-C1,PERMUTATION_IMPORTANCE_MACRO_F1,9,5,111,S14:EMAd_0.1,2.176744979879297e-05,4,EXECUTED
EXP-XAI-0001,MODEL-C1,PERMUTATION_IMPORTANCE_MACRO_F1,9,5,1,S1:dR_norm,0.0,5,EXECUTED
EXP-XAI-0001,MODEL-C1,PERMUTATION_IMPORTANCE_MACRO_F1,9,10,35,S5:EMAi_0.01,0.000904036072469161,1,EXECUTED
EXP-XAI-0001,MODEL-C1,PERMUTATION_IMPORTANCE_MACRO_F1,9,10,25,S4:dR_norm,4.4894741514978076e-05,2,EXECUTED
EXP-XAI-0001,MODEL-C1,PERMUTATION_IMPORTANCE_MACRO_F1,9,10,89,S12:dR_norm,2.2447370757489038e-05,3,EXECUTED
EXP-XAI-0001,MODEL-C1,PERMUTATION_IMPORTANCE_MACRO_F1,9,10,111,S14:EMAd_0.1,2.176744979879297e-05,4,EXECUTED
EXP-XAI-0001,MODEL-C1,PERMUTATION_IMPORTANCE_MACRO_F1,9,10,1,S1:dR_norm,0.0,5,EXECUTED
EXP-XAI-0001,MODEL-C1,PERMUTATION_IMPORTANCE_MACRO_F1,9,10,2,S1:EMAi_0.001,0.0,6,EXECUTED
EXP-XAI-0001,MODEL-C1,PERMUTATION_IMPORTANCE_MACRO_F1,9,10,3,S1:EMAi_0.01,0.0,7,EXECUTED
EXP-XAI-0001,MODEL-C1,PERMUTATION_IMPORTANCE_MACRO_F1,9,10,6,S1:EMAd_0.01,0.0,8,EXECUTED
EXP-XAI-0001,MODEL-C1,PERMUTATION_IMPORTANCE_MACRO_F1,9,10,7,S1:EMAd_0.1,0.0,9,EXECUTED
EXP-XAI-0001,MODEL-C1,PERMUTATION_IMPORTANCE_MACRO_F1,9,10,9,S2:dR_norm,0.0,10,EXECUTED
EXP-XAI-0001,MODEL-C1,PERMUTATION_IMPORTANCE_MACRO_F1,10,1,23,S3:EMAd_0.1,0.026671383519508218,1,EXECUTED
EXP-XAI-0001,MODEL-C1,PERMUTATION_IMPORTANCE_MACRO_F1,10,3,23,S3:EMAd_0.1,0.026671383519508218,1,EXECUTED
EXP-XAI-0001,MODEL-C1,PERMUTATION_IMPORTANCE_MACRO_F1,10,3,87,S11:EMAd_0.1,0.01794191924337807,2,EXECUTED
EXP-XAI-0001,MODEL-C1,PERMUTATION_IMPORTANCE_MACRO_F1,10,3,31,S4:EMAd_0.1,0.016570857883901346,3,EXECUTED
EXP-XAI-0001,MODEL-C1,PERMUTATION_IMPORTANCE_MACRO_F1,10,5,23,S3:EMAd_0.1,0.026671383519508218,1,EXECUTED
EXP-XAI-0001,MODEL-C1,PERMUTATION_IMPORTANCE_MACRO_F1,10,5,87,S11:EMAd_0.1,0.01794191924337807,2,EXECUTED
EXP-XAI-0001,MODEL-C1,PERMUTATION_IMPORTANCE_MACRO_F1,10,5,31,S4:EMAd_0.1,0.016570857883901346,3,EXECUTED
EXP-XAI-0001,MODEL-C1,PERMUTATION_IMPORTANCE_MACRO_F1,10,5,0,S1:dR,0.01654753747773151,4,EXECUTED
EXP-XAI-0001,MODEL-C1,PERMUTATION_IMPORTANCE_MACRO_F1,10,5,15,S2:EMAd_0.1,0.014427666134245476,5,EXECUTED
EXP-XAI-0001,MODEL-C1,PERMUTATION_IMPORTANCE_MACRO_F1,10,10,23,S3:EMAd_0.1,0.026671383519508218,1,EXECUTED
EXP-XAI-0001,MODEL-C1,PERMUTATION_IMPORTANCE_MACRO_F1,10,10,87,S11:EMAd_0.1,0.01794191924337807,2,EXECUTED
EXP-XAI-0001,MODEL-C1,PERMUTATION_IMPORTANCE_MACRO_F1,10,10,31,S4:EMAd_0.1,0.016570857883901346,3,EXECUTED
EXP-XAI-0001,MODEL-C1,PERMUTATION_IMPORTANCE_MACRO_F1,10,10,0,S1:dR,0.01654753747773151,4,EXECUTED
EXP-XAI-0001,MODEL-C1,PERMUTATION_IMPORTANCE_MACRO_F1,10,10,15,S2:EMAd_0.1,0.014427666134245476,5,EXECUTED
EXP-XAI-0001,MODEL-C1,PERMUTATION_IMPORTANCE_MACRO_F1,10,10,95,S12:EMAd_0.1,0.014083753065008864,6,EXECUTED
EXP-XAI-0001,MODEL-C1,PERMUTATION_IMPORTANCE_MACRO_F1,10,10,98,S13:EMAi_0.001,0.012804400681697114,7,EXECUTED
EXP-XAI-0001,MODEL-C1,PERMUTATION_IMPORTANCE_MACRO_F1,10,10,24,S4:dR,0.012676497288263177,8,EXECUTED
EXP-XAI-0001,MODEL-C1,PERMUTATION_IMPORTANCE_MACRO_F1,10,10,39,S5:EMAd_0.1,0.012056969773704018,9,EXECUTED
EXP-XAI-0001,MODEL-C1,PERMUTATION_IMPORTANCE_MACRO_F1,10,10,79,S10:EMAd_0.1,0.011488092423819162,10,EXECUTED
EXP-XAI-0001,MODEL-C2,INTRINSIC_IMPURITY,ALL,1,7,S1:EMAd_0.1,0.03971542422682927,1,EXECUTED
EXP-XAI-0001,MODEL-C2,INTRINSIC_IMPURITY,ALL,3,7,S1:EMAd_0.1,0.03971542422682927,1,EXECUTED
EXP-XAI-0001,MODEL-C2,INTRINSIC_IMPURITY,ALL,3,127,S16:EMAd_0.1,0.03633364492396007,2,EXECUTED
EXP-XAI-0001,MODEL-C2,INTRINSIC_IMPURITY,ALL,3,0,S1:dR,0.035016587696426744,3,EXECUTED
EXP-XAI-0001,MODEL-C2,INTRINSIC_IMPURITY,ALL,5,7,S1:EMAd_0.1,0.03971542422682927,1,EXECUTED
EXP-XAI-0001,MODEL-C2,INTRINSIC_IMPURITY,ALL,5,127,S16:EMAd_0.1,0.03633364492396007,2,EXECUTED
EXP-XAI-0001,MODEL-C2,INTRINSIC_IMPURITY,ALL,5,0,S1:dR,0.035016587696426744,3,EXECUTED
EXP-XAI-0001,MODEL-C2,INTRINSIC_IMPURITY,ALL,5,71,S9:EMAd_0.1,0.0316282319550713,4,EXECUTED
EXP-XAI-0001,MODEL-C2,INTRINSIC_IMPURITY,ALL,5,12,S2:EMAi_0.1,0.030382261459755956,5,EXECUTED
EXP-XAI-0001,MODEL-C2,INTRINSIC_IMPURITY,ALL,10,7,S1:EMAd_0.1,0.03971542422682927,1,EXECUTED
EXP-XAI-0001,MODEL-C2,INTRINSIC_IMPURITY,ALL,10,127,S16:EMAd_0.1,0.03633364492396007,2,EXECUTED
EXP-XAI-0001,MODEL-C2,INTRINSIC_IMPURITY,ALL,10,0,S1:dR,0.035016587696426744,3,EXECUTED
EXP-XAI-0001,MODEL-C2,INTRINSIC_IMPURITY,ALL,10,71,S9:EMAd_0.1,0.0316282319550713,4,EXECUTED
EXP-XAI-0001,MODEL-C2,INTRINSIC_IMPURITY,ALL,10,12,S2:EMAi_0.1,0.030382261459755956,5,EXECUTED
EXP-XAI-0001,MODEL-C2,INTRINSIC_IMPURITY,ALL,10,72,S10:dR,0.029640864609219834,6,EXECUTED
EXP-XAI-0001,MODEL-C2,INTRINSIC_IMPURITY,ALL,10,5,S1:EMAd_0.001,0.027266272058128767,7,EXECUTED
EXP-XAI-0001,MODEL-C2,INTRINSIC_IMPURITY,ALL,10,77,S10:EMAd_0.001,0.026117040237999812,8,EXECUTED
EXP-XAI-0001,MODEL-C2,INTRINSIC_IMPURITY,ALL,10,4,S1:EMAi_0.1,0.024102681538235915,9,EXECUTED
EXP-XAI-0001,MODEL-C2,INTRINSIC_IMPURITY,ALL,10,63,S8:EMAd_0.1,0.02204118240562756,10,EXECUTED
EXP-XAI-0001,MODEL-C2,PERMUTATION_IMPORTANCE_MACRO_F1,2,1,6,S1:EMAd_0.01,0.014340487999871842,1,EXECUTED
EXP-XAI-0001,MODEL-C2,PERMUTATION_IMPORTANCE_MACRO_F1,2,3,6,S1:EMAd_0.01,0.014340487999871842,1,EXECUTED
EXP-XAI-0001,MODEL-C2,PERMUTATION_IMPORTANCE_MACRO_F1,2,3,70,S9:EMAd_0.01,0.011354330736853834,2,EXECUTED
EXP-XAI-0001,MODEL-C2,PERMUTATION_IMPORTANCE_MACRO_F1,2,3,12,S2:EMAi_0.1,0.011207615999981324,3,EXECUTED
EXP-XAI-0001,MODEL-C2,PERMUTATION_IMPORTANCE_MACRO_F1,2,5,6,S1:EMAd_0.01,0.014340487999871842,1,EXECUTED
EXP-XAI-0001,MODEL-C2,PERMUTATION_IMPORTANCE_MACRO_F1,2,5,70,S9:EMAd_0.01,0.011354330736853834,2,EXECUTED
EXP-XAI-0001,MODEL-C2,PERMUTATION_IMPORTANCE_MACRO_F1,2,5,12,S2:EMAi_0.1,0.011207615999981324,3,EXECUTED
EXP-XAI-0001,MODEL-C2,PERMUTATION_IMPORTANCE_MACRO_F1,2,5,14,S2:EMAd_0.01,0.010831574635167106,4,EXECUTED
EXP-XAI-0001,MODEL-C2,PERMUTATION_IMPORTANCE_MACRO_F1,2,5,4,S1:EMAi_0.1,0.010769034433772395,5,EXECUTED
EXP-XAI-0001,MODEL-C2,PERMUTATION_IMPORTANCE_MACRO_F1,2,10,6,S1:EMAd_0.01,0.014340487999871842,1,EXECUTED
EXP-XAI-0001,MODEL-C2,PERMUTATION_IMPORTANCE_MACRO_F1,2,10,70,S9:EMAd_0.01,0.011354330736853834,2,EXECUTED
EXP-XAI-0001,MODEL-C2,PERMUTATION_IMPORTANCE_MACRO_F1,2,10,12,S2:EMAi_0.1,0.011207615999981324,3,EXECUTED
EXP-XAI-0001,MODEL-C2,PERMUTATION_IMPORTANCE_MACRO_F1,2,10,14,S2:EMAd_0.01,0.010831574635167106,4,EXECUTED
EXP-XAI-0001,MODEL-C2,PERMUTATION_IMPORTANCE_MACRO_F1,2,10,4,S1:EMAi_0.1,0.010769034433772395,5,EXECUTED
EXP-XAI-0001,MODEL-C2,PERMUTATION_IMPORTANCE_MACRO_F1,2,10,111,S14:EMAd_0.1,0.00989941049637606,6,EXECUTED
EXP-XAI-0001,MODEL-C2,PERMUTATION_IMPORTANCE_MACRO_F1,2,10,78,S10:EMAd_0.01,0.008664534163808524,7,EXECUTED
EXP-XAI-0001,MODEL-C2,PERMUTATION_IMPORTANCE_MACRO_F1,2,10,127,S16:EMAd_0.1,0.007285860007321632,8,EXECUTED
EXP-XAI-0001,MODEL-C2,PERMUTATION_IMPORTANCE_MACRO_F1,2,10,120,S16:dR,0.005547102759889078,9,EXECUTED
EXP-XAI-0001,MODEL-C2,PERMUTATION_IMPORTANCE_MACRO_F1,2,10,47,S6:EMAd_0.1,0.005113256143407141,10,EXECUTED
EXP-XAI-0001,MODEL-C2,PERMUTATION_IMPORTANCE_MACRO_F1,3,1,105,S14:dR_norm,0.10294754831157424,1,EXECUTED
EXP-XAI-0001,MODEL-C2,PERMUTATION_IMPORTANCE_MACRO_F1,3,3,105,S14:dR_norm,0.10294754831157424,1,EXECUTED
EXP-XAI-0001,MODEL-C2,PERMUTATION_IMPORTANCE_MACRO_F1,3,3,73,S10:dR_norm,0.08472990445835397,2,EXECUTED
EXP-XAI-0001,MODEL-C2,PERMUTATION_IMPORTANCE_MACRO_F1,3,3,66,S9:EMAi_0.001,0.08354851599557003,3,EXECUTED
EXP-XAI-0001,MODEL-C2,PERMUTATION_IMPORTANCE_MACRO_F1,3,5,105,S14:dR_norm,0.10294754831157424,1,EXECUTED
EXP-XAI-0001,MODEL-C2,PERMUTATION_IMPORTANCE_MACRO_F1,3,5,73,S10:dR_norm,0.08472990445835397,2,EXECUTED
EXP-XAI-0001,MODEL-C2,PERMUTATION_IMPORTANCE_MACRO_F1,3,5,66,S9:EMAi_0.001,0.08354851599557003,3,EXECUTED
EXP-XAI-0001,MODEL-C2,PERMUTATION_IMPORTANCE_MACRO_F1,3,5,127,S16:EMAd_0.1,0.08139047033073828,4,EXECUTED
EXP-XAI-0001,MODEL-C2,PERMUTATION_IMPORTANCE_MACRO_F1,3,5,75,S10:EMAi_0.01,0.08087677862205586,5,EXECUTED
EXP-XAI-0001,MODEL-C2,PERMUTATION_IMPORTANCE_MACRO_F1,3,10,105,S14:dR_norm,0.10294754831157424,1,EXECUTED
EXP-XAI-0001,MODEL-C2,PERMUTATION_IMPORTANCE_MACRO_F1,3,10,73,S10:dR_norm,0.08472990445835397,2,EXECUTED
EXP-XAI-0001,MODEL-C2,PERMUTATION_IMPORTANCE_MACRO_F1,3,10,66,S9:EMAi_0.001,0.08354851599557003,3,EXECUTED
EXP-XAI-0001,MODEL-C2,PERMUTATION_IMPORTANCE_MACRO_F1,3,10,127,S16:EMAd_0.1,0.08139047033073828,4,EXECUTED
EXP-XAI-0001,MODEL-C2,PERMUTATION_IMPORTANCE_MACRO_F1,3,10,75,S10:EMAi_0.01,0.08087677862205586,5,EXECUTED
EXP-XAI-0001,MODEL-C2,PERMUTATION_IMPORTANCE_MACRO_F1,3,10,69,S9:EMAd_0.001,0.06693859514795404,6,EXECUTED
EXP-XAI-0001,MODEL-C2,PERMUTATION_IMPORTANCE_MACRO_F1,3,10,88,S12:dR,0.06014769725116942,7,EXECUTED
EXP-XAI-0001,MODEL-C2,PERMUTATION_IMPORTANCE_MACRO_F1,3,10,70,S9:EMAd_0.01,0.05009390167759442,8,EXECUTED
EXP-XAI-0001,MODEL-C2,PERMUTATION_IMPORTANCE_MACRO_F1,3,10,76,S10:EMAi_0.1,0.05007498215930799,9,EXECUTED
EXP-XAI-0001,MODEL-C2,PERMUTATION_IMPORTANCE_MACRO_F1,3,10,68,S9:EMAi_0.1,0.048994558814189196,10,EXECUTED
EXP-XAI-0001,MODEL-C2,PERMUTATION_IMPORTANCE_MACRO_F1,4,1,12,S2:EMAi_0.1,0.12868825156751917,1,EXECUTED
EXP-XAI-0001,MODEL-C2,PERMUTATION_IMPORTANCE_MACRO_F1,4,3,12,S2:EMAi_0.1,0.12868825156751917,1,EXECUTED
EXP-XAI-0001,MODEL-C2,PERMUTATION_IMPORTANCE_MACRO_F1,4,3,7,S1:EMAd_0.1,0.11630700420449828,2,EXECUTED
EXP-XAI-0001,MODEL-C2,PERMUTATION_IMPORTANCE_MACRO_F1,4,3,4,S1:EMAi_0.1,0.0863046134154499,3,EXECUTED
EXP-XAI-0001,MODEL-C2,PERMUTATION_IMPORTANCE_MACRO_F1,4,5,12,S2:EMAi_0.1,0.12868825156751917,1,EXECUTED
EXP-XAI-0001,MODEL-C2,PERMUTATION_IMPORTANCE_MACRO_F1,4,5,7,S1:EMAd_0.1,0.11630700420449828,2,EXECUTED
EXP-XAI-0001,MODEL-C2,PERMUTATION_IMPORTANCE_MACRO_F1,4,5,4,S1:EMAi_0.1,0.0863046134154499,3,EXECUTED
EXP-XAI-0001,MODEL-C2,PERMUTATION_IMPORTANCE_MACRO_F1,4,5,111,S14:EMAd_0.1,0.07291194265063003,4,EXECUTED
EXP-XAI-0001,MODEL-C2,PERMUTATION_IMPORTANCE_MACRO_F1,4,5,8,S2:dR,0.04256978531507939,5,EXECUTED
EXP-XAI-0001,MODEL-C2,PERMUTATION_IMPORTANCE_MACRO_F1,4,10,12,S2:EMAi_0.1,0.12868825156751917,1,EXECUTED
EXP-XAI-0001,MODEL-C2,PERMUTATION_IMPORTANCE_MACRO_F1,4,10,7,S1:EMAd_0.1,0.11630700420449828,2,EXECUTED
EXP-XAI-0001,MODEL-C2,PERMUTATION_IMPORTANCE_MACRO_F1,4,10,4,S1:EMAi_0.1,0.0863046134154499,3,EXECUTED
EXP-XAI-0001,MODEL-C2,PERMUTATION_IMPORTANCE_MACRO_F1,4,10,111,S14:EMAd_0.1,0.07291194265063003,4,EXECUTED
EXP-XAI-0001,MODEL-C2,PERMUTATION_IMPORTANCE_MACRO_F1,4,10,8,S2:dR,0.04256978531507939,5,EXECUTED
EXP-XAI-0001,MODEL-C2,PERMUTATION_IMPORTANCE_MACRO_F1,4,10,64,S9:dR,0.039344106234452114,6,EXECUTED
EXP-XAI-0001,MODEL-C2,PERMUTATION_IMPORTANCE_MACRO_F1,4,10,5,S1:EMAd_0.001,0.02706758354974681,7,EXECUTED
EXP-XAI-0001,MODEL-C2,PERMUTATION_IMPORTANCE_MACRO_F1,4,10,127,S16:EMAd_0.1,0.02510552834625549,8,EXECUTED
EXP-XAI-0001,MODEL-C2,PERMUTATION_IMPORTANCE_MACRO_F1,4,10,23,S3:EMAd_0.1,0.02357017840482708,9,EXECUTED
EXP-XAI-0001,MODEL-C2,PERMUTATION_IMPORTANCE_MACRO_F1,4,10,87,S11:EMAd_0.1,0.022658127400981186,10,EXECUTED
EXP-XAI-0001,MODEL-C2,PERMUTATION_IMPORTANCE_MACRO_F1,5,1,4,S1:EMAi_0.1,0.037858686222687433,1,EXECUTED
EXP-XAI-0001,MODEL-C2,PERMUTATION_IMPORTANCE_MACRO_F1,5,3,4,S1:EMAi_0.1,0.037858686222687433,1,EXECUTED
EXP-XAI-0001,MODEL-C2,PERMUTATION_IMPORTANCE_MACRO_F1,5,3,71,S9:EMAd_0.1,0.037858686222687433,2,EXECUTED
EXP-XAI-0001,MODEL-C2,PERMUTATION_IMPORTANCE_MACRO_F1,5,3,127,S16:EMAd_0.1,0.03770547144840562,3,EXECUTED
EXP-XAI-0001,MODEL-C2,PERMUTATION_IMPORTANCE_MACRO_F1,5,5,4,S1:EMAi_0.1,0.037858686222687433,1,EXECUTED
EXP-XAI-0001,MODEL-C2,PERMUTATION_IMPORTANCE_MACRO_F1,5,5,71,S9:EMAd_0.1,0.037858686222687433,2,EXECUTED
EXP-XAI-0001,MODEL-C2,PERMUTATION_IMPORTANCE_MACRO_F1,5,5,127,S16:EMAd_0.1,0.03770547144840562,3,EXECUTED
EXP-XAI-0001,MODEL-C2,PERMUTATION_IMPORTANCE_MACRO_F1,5,5,63,S8:EMAd_0.1,0.03660868622268744,4,EXECUTED
EXP-XAI-0001,MODEL-C2,PERMUTATION_IMPORTANCE_MACRO_F1,5,5,5,S1:EMAd_0.001,0.020451107211884246,5,EXECUTED
EXP-XAI-0001,MODEL-C2,PERMUTATION_IMPORTANCE_MACRO_F1,5,10,4,S1:EMAi_0.1,0.037858686222687433,1,EXECUTED
EXP-XAI-0001,MODEL-C2,PERMUTATION_IMPORTANCE_MACRO_F1,5,10,71,S9:EMAd_0.1,0.037858686222687433,2,EXECUTED
EXP-XAI-0001,MODEL-C2,PERMUTATION_IMPORTANCE_MACRO_F1,5,10,127,S16:EMAd_0.1,0.03770547144840562,3,EXECUTED
EXP-XAI-0001,MODEL-C2,PERMUTATION_IMPORTANCE_MACRO_F1,5,10,63,S8:EMAd_0.1,0.03660868622268744,4,EXECUTED
EXP-XAI-0001,MODEL-C2,PERMUTATION_IMPORTANCE_MACRO_F1,5,10,5,S1:EMAd_0.001,0.020451107211884246,5,EXECUTED
EXP-XAI-0001,MODEL-C2,PERMUTATION_IMPORTANCE_MACRO_F1,5,10,7,S1:EMAd_0.1,0.01934162564026818,6,EXECUTED
EXP-XAI-0001,MODEL-C2,PERMUTATION_IMPORTANCE_MACRO_F1,5,10,6,S1:EMAd_0.01,0.016090622853228022,7,EXECUTED
EXP-XAI-0001,MODEL-C2,PERMUTATION_IMPORTANCE_MACRO_F1,5,10,120,S16:dR,0.013315601197979565,8,EXECUTED
EXP-XAI-0001,MODEL-C2,PERMUTATION_IMPORTANCE_MACRO_F1,5,10,48,S7:dR,0.013241866584253349,9,EXECUTED
EXP-XAI-0001,MODEL-C2,PERMUTATION_IMPORTANCE_MACRO_F1,5,10,56,S8:dR,0.01054057954273111,10,EXECUTED
EXP-XAI-0001,MODEL-C2,PERMUTATION_IMPORTANCE_MACRO_F1,6,1,127,S16:EMAd_0.1,0.006016622315836851,1,EXECUTED
EXP-XAI-0001,MODEL-C2,PERMUTATION_IMPORTANCE_MACRO_F1,6,3,127,S16:EMAd_0.1,0.006016622315836851,1,EXECUTED
EXP-XAI-0001,MODEL-C2,PERMUTATION_IMPORTANCE_MACRO_F1,6,3,77,S10:EMAd_0.001,0.004152258719755308,2,EXECUTED
EXP-XAI-0001,MODEL-C2,PERMUTATION_IMPORTANCE_MACRO_F1,6,3,7,S1:EMAd_0.1,0.0025459214451672317,3,EXECUTED
EXP-XAI-0001,MODEL-C2,PERMUTATION_IMPORTANCE_MACRO_F1,6,5,127,S16:EMAd_0.1,0.006016622315836851,1,EXECUTED
EXP-XAI-0001,MODEL-C2,PERMUTATION_IMPORTANCE_MACRO_F1,6,5,77,S10:EMAd_0.001,0.004152258719755308,2,EXECUTED
EXP-XAI-0001,MODEL-C2,PERMUTATION_IMPORTANCE_MACRO_F1,6,5,7,S1:EMAd_0.1,0.0025459214451672317,3,EXECUTED
EXP-XAI-0001,MODEL-C2,PERMUTATION_IMPORTANCE_MACRO_F1,6,5,53,S7:EMAd_0.001,0.001137822933036614,4,EXECUTED
EXP-XAI-0001,MODEL-C2,PERMUTATION_IMPORTANCE_MACRO_F1,6,5,61,S8:EMAd_0.001,0.001137822933036614,5,EXECUTED
EXP-XAI-0001,MODEL-C2,PERMUTATION_IMPORTANCE_MACRO_F1,6,10,127,S16:EMAd_0.1,0.006016622315836851,1,EXECUTED
EXP-XAI-0001,MODEL-C2,PERMUTATION_IMPORTANCE_MACRO_F1,6,10,77,S10:EMAd_0.001,0.004152258719755308,2,EXECUTED
EXP-XAI-0001,MODEL-C2,PERMUTATION_IMPORTANCE_MACRO_F1,6,10,7,S1:EMAd_0.1,0.0025459214451672317,3,EXECUTED
EXP-XAI-0001,MODEL-C2,PERMUTATION_IMPORTANCE_MACRO_F1,6,10,53,S7:EMAd_0.001,0.001137822933036614,4,EXECUTED
EXP-XAI-0001,MODEL-C2,PERMUTATION_IMPORTANCE_MACRO_F1,6,10,61,S8:EMAd_0.001,0.001137822933036614,5,EXECUTED
EXP-XAI-0001,MODEL-C2,PERMUTATION_IMPORTANCE_MACRO_F1,6,10,28,S4:EMAi_0.1,0.0010982588378130932,6,EXECUTED
EXP-XAI-0001,MODEL-C2,PERMUTATION_IMPORTANCE_MACRO_F1,6,10,71,S9:EMAd_0.1,0.0010479409584133292,7,EXECUTED
EXP-XAI-0001,MODEL-C2,PERMUTATION_IMPORTANCE_MACRO_F1,6,10,4,S1:EMAi_0.1,0.0010399490053199846,8,EXECUTED
EXP-XAI-0001,MODEL-C2,PERMUTATION_IMPORTANCE_MACRO_F1,6,10,52,S7:EMAi_0.1,0.0009760697831028064,9,EXECUTED
EXP-XAI-0001,MODEL-C2,PERMUTATION_IMPORTANCE_MACRO_F1,6,10,60,S8:EMAi_0.1,0.0009760697831028064,10,EXECUTED
EXP-XAI-0001,MODEL-C2,PERMUTATION_IMPORTANCE_MACRO_F1,7,1,0,S1:dR,0.023192787441682995,1,EXECUTED
EXP-XAI-0001,MODEL-C2,PERMUTATION_IMPORTANCE_MACRO_F1,7,3,0,S1:dR,0.023192787441682995,1,EXECUTED
EXP-XAI-0001,MODEL-C2,PERMUTATION_IMPORTANCE_MACRO_F1,7,3,7,S1:EMAd_0.1,0.0164420064750041,2,EXECUTED
EXP-XAI-0001,MODEL-C2,PERMUTATION_IMPORTANCE_MACRO_F1,7,3,71,S9:EMAd_0.1,0.016052815283840793,3,EXECUTED
EXP-XAI-0001,MODEL-C2,PERMUTATION_IMPORTANCE_MACRO_F1,7,5,0,S1:dR,0.023192787441682995,1,EXECUTED
EXP-XAI-0001,MODEL-C2,PERMUTATION_IMPORTANCE_MACRO_F1,7,5,7,S1:EMAd_0.1,0.0164420064750041,2,EXECUTED
EXP-XAI-0001,MODEL-C2,PERMUTATION_IMPORTANCE_MACRO_F1,7,5,71,S9:EMAd_0.1,0.016052815283840793,3,EXECUTED
EXP-XAI-0001,MODEL-C2,PERMUTATION_IMPORTANCE_MACRO_F1,7,5,72,S10:dR,0.014069366403127104,4,EXECUTED
EXP-XAI-0001,MODEL-C2,PERMUTATION_IMPORTANCE_MACRO_F1,7,5,63,S8:EMAd_0.1,0.01334011865696767,5,EXECUTED
EXP-XAI-0001,MODEL-C2,PERMUTATION_IMPORTANCE_MACRO_F1,7,10,0,S1:dR,0.023192787441682995,1,EXECUTED
EXP-XAI-0001,MODEL-C2,PERMUTATION_IMPORTANCE_MACRO_F1,7,10,7,S1:EMAd_0.1,0.0164420064750041,2,EXECUTED
EXP-XAI-0001,MODEL-C2,PERMUTATION_IMPORTANCE_MACRO_F1,7,10,71,S9:EMAd_0.1,0.016052815283840793,3,EXECUTED
EXP-XAI-0001,MODEL-C2,PERMUTATION_IMPORTANCE_MACRO_F1,7,10,72,S10:dR,0.014069366403127104,4,EXECUTED
EXP-XAI-0001,MODEL-C2,PERMUTATION_IMPORTANCE_MACRO_F1,7,10,63,S8:EMAd_0.1,0.01334011865696767,5,EXECUTED
EXP-XAI-0001,MODEL-C2,PERMUTATION_IMPORTANCE_MACRO_F1,7,10,61,S8:EMAd_0.001,0.007306422979050731,6,EXECUTED
EXP-XAI-0001,MODEL-C2,PERMUTATION_IMPORTANCE_MACRO_F1,7,10,60,S8:EMAi_0.1,0.0069704851765117985,7,EXECUTED
EXP-XAI-0001,MODEL-C2,PERMUTATION_IMPORTANCE_MACRO_F1,7,10,52,S7:EMAi_0.1,0.006885609654237124,8,EXECUTED
EXP-XAI-0001,MODEL-C2,PERMUTATION_IMPORTANCE_MACRO_F1,7,10,53,S7:EMAd_0.001,0.005965196499032333,9,EXECUTED
EXP-XAI-0001,MODEL-C2,PERMUTATION_IMPORTANCE_MACRO_F1,7,10,89,S12:dR_norm,0.0053928325652860655,10,EXECUTED
EXP-XAI-0001,MODEL-C2,PERMUTATION_IMPORTANCE_MACRO_F1,8,1,31,S4:EMAd_0.1,0.039481563340063454,1,EXECUTED
EXP-XAI-0001,MODEL-C2,PERMUTATION_IMPORTANCE_MACRO_F1,8,3,31,S4:EMAd_0.1,0.039481563340063454,1,EXECUTED
EXP-XAI-0001,MODEL-C2,PERMUTATION_IMPORTANCE_MACRO_F1,8,3,96,S13:dR,0.029285083230517185,2,EXECUTED
EXP-XAI-0001,MODEL-C2,PERMUTATION_IMPORTANCE_MACRO_F1,8,3,95,S12:EMAd_0.1,0.029252579092078974,3,EXECUTED
EXP-XAI-0001,MODEL-C2,PERMUTATION_IMPORTANCE_MACRO_F1,8,5,31,S4:EMAd_0.1,0.039481563340063454,1,EXECUTED
EXP-XAI-0001,MODEL-C2,PERMUTATION_IMPORTANCE_MACRO_F1,8,5,96,S13:dR,0.029285083230517185,2,EXECUTED
EXP-XAI-0001,MODEL-C2,PERMUTATION_IMPORTANCE_MACRO_F1,8,5,95,S12:EMAd_0.1,0.029252579092078974,3,EXECUTED
EXP-XAI-0001,MODEL-C2,PERMUTATION_IMPORTANCE_MACRO_F1,8,5,77,S10:EMAd_0.001,0.022216303053245012,4,EXECUTED
EXP-XAI-0001,MODEL-C2,PERMUTATION_IMPORTANCE_MACRO_F1,8,5,100,S13:EMAi_0.1,0.021849356090712348,5,EXECUTED
EXP-XAI-0001,MODEL-C2,PERMUTATION_IMPORTANCE_MACRO_F1,8,10,31,S4:EMAd_0.1,0.039481563340063454,1,EXECUTED
EXP-XAI-0001,MODEL-C2,PERMUTATION_IMPORTANCE_MACRO_F1,8,10,96,S13:dR,0.029285083230517185,2,EXECUTED
EXP-XAI-0001,MODEL-C2,PERMUTATION_IMPORTANCE_MACRO_F1,8,10,95,S12:EMAd_0.1,0.029252579092078974,3,EXECUTED
EXP-XAI-0001,MODEL-C2,PERMUTATION_IMPORTANCE_MACRO_F1,8,10,77,S10:EMAd_0.001,0.022216303053245012,4,EXECUTED
EXP-XAI-0001,MODEL-C2,PERMUTATION_IMPORTANCE_MACRO_F1,8,10,100,S13:EMAi_0.1,0.021849356090712348,5,EXECUTED
EXP-XAI-0001,MODEL-C2,PERMUTATION_IMPORTANCE_MACRO_F1,8,10,76,S10:EMAi_0.1,0.020843546286455565,6,EXECUTED
EXP-XAI-0001,MODEL-C2,PERMUTATION_IMPORTANCE_MACRO_F1,8,10,32,S5:dR,0.02065378667106902,7,EXECUTED
EXP-XAI-0001,MODEL-C2,PERMUTATION_IMPORTANCE_MACRO_F1,8,10,12,S2:EMAi_0.1,0.01975208225404713,8,EXECUTED
EXP-XAI-0001,MODEL-C2,PERMUTATION_IMPORTANCE_MACRO_F1,8,10,72,S10:dR,0.019527993564900748,9,EXECUTED
EXP-XAI-0001,MODEL-C2,PERMUTATION_IMPORTANCE_MACRO_F1,8,10,103,S13:EMAd_0.1,0.018763746196934487,10,EXECUTED
EXP-XAI-0001,MODEL-C2,PERMUTATION_IMPORTANCE_MACRO_F1,9,1,95,S12:EMAd_0.1,0.07563993932287212,1,EXECUTED
EXP-XAI-0001,MODEL-C2,PERMUTATION_IMPORTANCE_MACRO_F1,9,3,95,S12:EMAd_0.1,0.07563993932287212,1,EXECUTED
EXP-XAI-0001,MODEL-C2,PERMUTATION_IMPORTANCE_MACRO_F1,9,3,87,S11:EMAd_0.1,0.07493700528537231,2,EXECUTED
EXP-XAI-0001,MODEL-C2,PERMUTATION_IMPORTANCE_MACRO_F1,9,3,39,S5:EMAd_0.1,0.04580877903493148,3,EXECUTED
EXP-XAI-0001,MODEL-C2,PERMUTATION_IMPORTANCE_MACRO_F1,9,5,95,S12:EMAd_0.1,0.07563993932287212,1,EXECUTED
EXP-XAI-0001,MODEL-C2,PERMUTATION_IMPORTANCE_MACRO_F1,9,5,87,S11:EMAd_0.1,0.07493700528537231,2,EXECUTED
EXP-XAI-0001,MODEL-C2,PERMUTATION_IMPORTANCE_MACRO_F1,9,5,39,S5:EMAd_0.1,0.04580877903493148,3,EXECUTED
EXP-XAI-0001,MODEL-C2,PERMUTATION_IMPORTANCE_MACRO_F1,9,5,31,S4:EMAd_0.1,0.04295867421449834,4,EXECUTED
EXP-XAI-0001,MODEL-C2,PERMUTATION_IMPORTANCE_MACRO_F1,9,5,111,S14:EMAd_0.1,0.03942073039392509,5,EXECUTED
EXP-XAI-0001,MODEL-C2,PERMUTATION_IMPORTANCE_MACRO_F1,9,10,95,S12:EMAd_0.1,0.07563993932287212,1,EXECUTED
EXP-XAI-0001,MODEL-C2,PERMUTATION_IMPORTANCE_MACRO_F1,9,10,87,S11:EMAd_0.1,0.07493700528537231,2,EXECUTED
EXP-XAI-0001,MODEL-C2,PERMUTATION_IMPORTANCE_MACRO_F1,9,10,39,S5:EMAd_0.1,0.04580877903493148,3,EXECUTED
EXP-XAI-0001,MODEL-C2,PERMUTATION_IMPORTANCE_MACRO_F1,9,10,31,S4:EMAd_0.1,0.04295867421449834,4,EXECUTED
EXP-XAI-0001,MODEL-C2,PERMUTATION_IMPORTANCE_MACRO_F1,9,10,111,S14:EMAd_0.1,0.03942073039392509,5,EXECUTED
EXP-XAI-0001,MODEL-C2,PERMUTATION_IMPORTANCE_MACRO_F1,9,10,119,S15:EMAd_0.1,0.03818474137618797,6,EXECUTED
EXP-XAI-0001,MODEL-C2,PERMUTATION_IMPORTANCE_MACRO_F1,9,10,40,S6:dR,0.035975551686757604,7,EXECUTED
EXP-XAI-0001,MODEL-C2,PERMUTATION_IMPORTANCE_MACRO_F1,9,10,77,S10:EMAd_0.001,0.03296140947225675,8,EXECUTED
EXP-XAI-0001,MODEL-C2,PERMUTATION_IMPORTANCE_MACRO_F1,9,10,23,S3:EMAd_0.1,0.03167358951644274,9,EXECUTED
EXP-XAI-0001,MODEL-C2,PERMUTATION_IMPORTANCE_MACRO_F1,9,10,72,S10:dR,0.02928708795730558,10,EXECUTED
EXP-XAI-0001,MODEL-C2,PERMUTATION_IMPORTANCE_MACRO_F1,10,1,16,S3:dR,0.009821376513862218,1,EXECUTED
EXP-XAI-0001,MODEL-C2,PERMUTATION_IMPORTANCE_MACRO_F1,10,3,16,S3:dR,0.009821376513862218,1,EXECUTED
EXP-XAI-0001,MODEL-C2,PERMUTATION_IMPORTANCE_MACRO_F1,10,3,14,S2:EMAd_0.01,0.009605678956842357,2,EXECUTED
EXP-XAI-0001,MODEL-C2,PERMUTATION_IMPORTANCE_MACRO_F1,10,3,70,S9:EMAd_0.01,0.008499163561606205,3,EXECUTED
EXP-XAI-0001,MODEL-C2,PERMUTATION_IMPORTANCE_MACRO_F1,10,5,16,S3:dR,0.009821376513862218,1,EXECUTED
EXP-XAI-0001,MODEL-C2,PERMUTATION_IMPORTANCE_MACRO_F1,10,5,14,S2:EMAd_0.01,0.009605678956842357,2,EXECUTED
EXP-XAI-0001,MODEL-C2,PERMUTATION_IMPORTANCE_MACRO_F1,10,5,70,S9:EMAd_0.01,0.008499163561606205,3,EXECUTED
EXP-XAI-0001,MODEL-C2,PERMUTATION_IMPORTANCE_MACRO_F1,10,5,53,S7:EMAd_0.001,0.00824480351229181,4,EXECUTED
EXP-XAI-0001,MODEL-C2,PERMUTATION_IMPORTANCE_MACRO_F1,10,5,60,S8:EMAi_0.1,0.006481577911053393,5,EXECUTED
EXP-XAI-0001,MODEL-C2,PERMUTATION_IMPORTANCE_MACRO_F1,10,10,16,S3:dR,0.009821376513862218,1,EXECUTED
EXP-XAI-0001,MODEL-C2,PERMUTATION_IMPORTANCE_MACRO_F1,10,10,14,S2:EMAd_0.01,0.009605678956842357,2,EXECUTED
EXP-XAI-0001,MODEL-C2,PERMUTATION_IMPORTANCE_MACRO_F1,10,10,70,S9:EMAd_0.01,0.008499163561606205,3,EXECUTED
EXP-XAI-0001,MODEL-C2,PERMUTATION_IMPORTANCE_MACRO_F1,10,10,53,S7:EMAd_0.001,0.00824480351229181,4,EXECUTED
EXP-XAI-0001,MODEL-C2,PERMUTATION_IMPORTANCE_MACRO_F1,10,10,60,S8:EMAi_0.1,0.006481577911053393,5,EXECUTED
EXP-XAI-0001,MODEL-C2,PERMUTATION_IMPORTANCE_MACRO_F1,10,10,78,S10:EMAd_0.01,0.005016828590979949,6,EXECUTED
EXP-XAI-0001,MODEL-C2,PERMUTATION_IMPORTANCE_MACRO_F1,10,10,92,S12:EMAi_0.1,0.00476037844827808,7,EXECUTED
EXP-XAI-0001,MODEL-C2,PERMUTATION_IMPORTANCE_MACRO_F1,10,10,6,S1:EMAd_0.01,0.004516220819498662,8,EXECUTED
EXP-XAI-0001,MODEL-C2,PERMUTATION_IMPORTANCE_MACRO_F1,10,10,61,S8:EMAd_0.001,0.004497063912466371,9,EXECUTED
EXP-XAI-0001,MODEL-C2,PERMUTATION_IMPORTANCE_MACRO_F1,10,10,65,S9:dR_norm,0.004283127259107122,10,EXECUTED
EXP-XAI-0001,MODEL-C3,PERMUTATION_IMPORTANCE_MACRO_F1,2,1,64,S9:dR,0.04924545999465631,1,EXECUTED
EXP-XAI-0001,MODEL-C3,PERMUTATION_IMPORTANCE_MACRO_F1,2,3,64,S9:dR,0.04924545999465631,1,EXECUTED
EXP-XAI-0001,MODEL-C3,PERMUTATION_IMPORTANCE_MACRO_F1,2,3,98,S13:EMAi_0.001,0.04461163388206464,2,EXECUTED
EXP-XAI-0001,MODEL-C3,PERMUTATION_IMPORTANCE_MACRO_F1,2,3,106,S14:EMAi_0.001,0.043524671116123015,3,EXECUTED
EXP-XAI-0001,MODEL-C3,PERMUTATION_IMPORTANCE_MACRO_F1,2,5,64,S9:dR,0.04924545999465631,1,EXECUTED
EXP-XAI-0001,MODEL-C3,PERMUTATION_IMPORTANCE_MACRO_F1,2,5,98,S13:EMAi_0.001,0.04461163388206464,2,EXECUTED
EXP-XAI-0001,MODEL-C3,PERMUTATION_IMPORTANCE_MACRO_F1,2,5,106,S14:EMAi_0.001,0.043524671116123015,3,EXECUTED
EXP-XAI-0001,MODEL-C3,PERMUTATION_IMPORTANCE_MACRO_F1,2,5,42,S6:EMAi_0.001,0.03425588992733795,4,EXECUTED
EXP-XAI-0001,MODEL-C3,PERMUTATION_IMPORTANCE_MACRO_F1,2,5,34,S5:EMAi_0.001,0.03396795426216357,5,EXECUTED
EXP-XAI-0001,MODEL-C3,PERMUTATION_IMPORTANCE_MACRO_F1,2,10,64,S9:dR,0.04924545999465631,1,EXECUTED
EXP-XAI-0001,MODEL-C3,PERMUTATION_IMPORTANCE_MACRO_F1,2,10,98,S13:EMAi_0.001,0.04461163388206464,2,EXECUTED
EXP-XAI-0001,MODEL-C3,PERMUTATION_IMPORTANCE_MACRO_F1,2,10,106,S14:EMAi_0.001,0.043524671116123015,3,EXECUTED
EXP-XAI-0001,MODEL-C3,PERMUTATION_IMPORTANCE_MACRO_F1,2,10,42,S6:EMAi_0.001,0.03425588992733795,4,EXECUTED
EXP-XAI-0001,MODEL-C3,PERMUTATION_IMPORTANCE_MACRO_F1,2,10,34,S5:EMAi_0.001,0.03396795426216357,5,EXECUTED
EXP-XAI-0001,MODEL-C3,PERMUTATION_IMPORTANCE_MACRO_F1,2,10,14,S2:EMAd_0.01,0.03314393915588332,6,EXECUTED
EXP-XAI-0001,MODEL-C3,PERMUTATION_IMPORTANCE_MACRO_F1,2,10,72,S10:dR,0.03279659910943984,7,EXECUTED
EXP-XAI-0001,MODEL-C3,PERMUTATION_IMPORTANCE_MACRO_F1,2,10,6,S1:EMAd_0.01,0.031078812025444956,8,EXECUTED
EXP-XAI-0001,MODEL-C3,PERMUTATION_IMPORTANCE_MACRO_F1,2,10,105,S14:dR_norm,0.02719126168739543,9,EXECUTED
EXP-XAI-0001,MODEL-C3,PERMUTATION_IMPORTANCE_MACRO_F1,2,10,67,S9:EMAi_0.01,0.027125364808063712,10,EXECUTED
EXP-XAI-0001,MODEL-C3,PERMUTATION_IMPORTANCE_MACRO_F1,3,1,14,S2:EMAd_0.01,0.030117201516701664,1,EXECUTED
EXP-XAI-0001,MODEL-C3,PERMUTATION_IMPORTANCE_MACRO_F1,3,3,14,S2:EMAd_0.01,0.030117201516701664,1,EXECUTED
EXP-XAI-0001,MODEL-C3,PERMUTATION_IMPORTANCE_MACRO_F1,3,3,6,S1:EMAd_0.01,0.02663974162920667,2,EXECUTED
EXP-XAI-0001,MODEL-C3,PERMUTATION_IMPORTANCE_MACRO_F1,3,3,7,S1:EMAd_0.1,0.025662542383022492,3,EXECUTED
EXP-XAI-0001,MODEL-C3,PERMUTATION_IMPORTANCE_MACRO_F1,3,5,14,S2:EMAd_0.01,0.030117201516701664,1,EXECUTED
EXP-XAI-0001,MODEL-C3,PERMUTATION_IMPORTANCE_MACRO_F1,3,5,6,S1:EMAd_0.01,0.02663974162920667,2,EXECUTED
EXP-XAI-0001,MODEL-C3,PERMUTATION_IMPORTANCE_MACRO_F1,3,5,7,S1:EMAd_0.1,0.025662542383022492,3,EXECUTED
EXP-XAI-0001,MODEL-C3,PERMUTATION_IMPORTANCE_MACRO_F1,3,5,106,S14:EMAi_0.001,0.02556878970487233,4,EXECUTED
EXP-XAI-0001,MODEL-C3,PERMUTATION_IMPORTANCE_MACRO_F1,3,5,13,S2:EMAd_0.001,0.025373737844487942,5,EXECUTED
EXP-XAI-0001,MODEL-C3,PERMUTATION_IMPORTANCE_MACRO_F1,3,10,14,S2:EMAd_0.01,0.030117201516701664,1,EXECUTED
EXP-XAI-0001,MODEL-C3,PERMUTATION_IMPORTANCE_MACRO_F1,3,10,6,S1:EMAd_0.01,0.02663974162920667,2,EXECUTED
EXP-XAI-0001,MODEL-C3,PERMUTATION_IMPORTANCE_MACRO_F1,3,10,7,S1:EMAd_0.1,0.025662542383022492,3,EXECUTED
EXP-XAI-0001,MODEL-C3,PERMUTATION_IMPORTANCE_MACRO_F1,3,10,106,S14:EMAi_0.001,0.02556878970487233,4,EXECUTED
EXP-XAI-0001,MODEL-C3,PERMUTATION_IMPORTANCE_MACRO_F1,3,10,13,S2:EMAd_0.001,0.025373737844487942,5,EXECUTED
EXP-XAI-0001,MODEL-C3,PERMUTATION_IMPORTANCE_MACRO_F1,3,10,12,S2:EMAi_0.1,0.02464005871549916,6,EXECUTED
EXP-XAI-0001,MODEL-C3,PERMUTATION_IMPORTANCE_MACRO_F1,3,10,127,S16:EMAd_0.1,0.024534955994064477,7,EXECUTED
EXP-XAI-0001,MODEL-C3,PERMUTATION_IMPORTANCE_MACRO_F1,3,10,98,S13:EMAi_0.001,0.0242170993960655,8,EXECUTED
EXP-XAI-0001,MODEL-C3,PERMUTATION_IMPORTANCE_MACRO_F1,3,10,42,S6:EMAi_0.001,0.024066149551951334,9,EXECUTED
EXP-XAI-0001,MODEL-C3,PERMUTATION_IMPORTANCE_MACRO_F1,3,10,5,S1:EMAd_0.001,0.023950997707976006,10,EXECUTED
EXP-XAI-0001,MODEL-C3,PERMUTATION_IMPORTANCE_MACRO_F1,4,1,118,S15:EMAd_0.01,0.017082830820308113,1,EXECUTED
EXP-XAI-0001,MODEL-C3,PERMUTATION_IMPORTANCE_MACRO_F1,4,3,118,S15:EMAd_0.01,0.017082830820308113,1,EXECUTED
EXP-XAI-0001,MODEL-C3,PERMUTATION_IMPORTANCE_MACRO_F1,4,3,62,S8:EMAd_0.01,0.013990757034964075,2,EXECUTED
EXP-XAI-0001,MODEL-C3,PERMUTATION_IMPORTANCE_MACRO_F1,4,3,54,S7:EMAd_0.01,0.013681504710362979,3,EXECUTED
EXP-XAI-0001,MODEL-C3,PERMUTATION_IMPORTANCE_MACRO_F1,4,5,118,S15:EMAd_0.01,0.017082830820308113,1,EXECUTED
EXP-XAI-0001,MODEL-C3,PERMUTATION_IMPORTANCE_MACRO_F1,4,5,62,S8:EMAd_0.01,0.013990757034964075,2,EXECUTED
EXP-XAI-0001,MODEL-C3,PERMUTATION_IMPORTANCE_MACRO_F1,4,5,54,S7:EMAd_0.01,0.013681504710362979,3,EXECUTED
EXP-XAI-0001,MODEL-C3,PERMUTATION_IMPORTANCE_MACRO_F1,4,5,86,S11:EMAd_0.01,0.013640566230440309,4,EXECUTED
EXP-XAI-0001,MODEL-C3,PERMUTATION_IMPORTANCE_MACRO_F1,4,5,110,S14:EMAd_0.01,0.012520989926028032,5,EXECUTED
EXP-XAI-0001,MODEL-C3,PERMUTATION_IMPORTANCE_MACRO_F1,4,10,118,S15:EMAd_0.01,0.017082830820308113,1,EXECUTED
EXP-XAI-0001,MODEL-C3,PERMUTATION_IMPORTANCE_MACRO_F1,4,10,62,S8:EMAd_0.01,0.013990757034964075,2,EXECUTED
EXP-XAI-0001,MODEL-C3,PERMUTATION_IMPORTANCE_MACRO_F1,4,10,54,S7:EMAd_0.01,0.013681504710362979,3,EXECUTED
EXP-XAI-0001,MODEL-C3,PERMUTATION_IMPORTANCE_MACRO_F1,4,10,86,S11:EMAd_0.01,0.013640566230440309,4,EXECUTED
EXP-XAI-0001,MODEL-C3,PERMUTATION_IMPORTANCE_MACRO_F1,4,10,110,S14:EMAd_0.01,0.012520989926028032,5,EXECUTED
EXP-XAI-0001,MODEL-C3,PERMUTATION_IMPORTANCE_MACRO_F1,4,10,22,S3:EMAd_0.01,0.01251327962357342,6,EXECUTED
EXP-XAI-0001,MODEL-C3,PERMUTATION_IMPORTANCE_MACRO_F1,4,10,30,S4:EMAd_0.01,0.012501242135839702,7,EXECUTED
EXP-XAI-0001,MODEL-C3,PERMUTATION_IMPORTANCE_MACRO_F1,4,10,94,S12:EMAd_0.01,0.011941309707308672,8,EXECUTED
EXP-XAI-0001,MODEL-C3,PERMUTATION_IMPORTANCE_MACRO_F1,4,10,117,S15:EMAd_0.001,0.011688883804946277,9,EXECUTED
EXP-XAI-0001,MODEL-C3,PERMUTATION_IMPORTANCE_MACRO_F1,4,10,53,S7:EMAd_0.001,0.01149051892164989,10,EXECUTED
EXP-XAI-0001,MODEL-C3,PERMUTATION_IMPORTANCE_MACRO_F1,5,1,8,S2:dR,0.02664407795616185,1,EXECUTED
EXP-XAI-0001,MODEL-C3,PERMUTATION_IMPORTANCE_MACRO_F1,5,3,8,S2:dR,0.02664407795616185,1,EXECUTED
EXP-XAI-0001,MODEL-C3,PERMUTATION_IMPORTANCE_MACRO_F1,5,3,0,S1:dR,0.017527293543226054,2,EXECUTED
EXP-XAI-0001,MODEL-C3,PERMUTATION_IMPORTANCE_MACRO_F1,5,3,115,S15:EMAi_0.01,0.013278859355011014,3,EXECUTED
EXP-XAI-0001,MODEL-C3,PERMUTATION_IMPORTANCE_MACRO_F1,5,5,8,S2:dR,0.02664407795616185,1,EXECUTED
EXP-XAI-0001,MODEL-C3,PERMUTATION_IMPORTANCE_MACRO_F1,5,5,0,S1:dR,0.017527293543226054,2,EXECUTED
EXP-XAI-0001,MODEL-C3,PERMUTATION_IMPORTANCE_MACRO_F1,5,5,115,S15:EMAi_0.01,0.013278859355011014,3,EXECUTED
EXP-XAI-0001,MODEL-C3,PERMUTATION_IMPORTANCE_MACRO_F1,5,5,114,S15:EMAi_0.001,0.013118421638125688,4,EXECUTED
EXP-XAI-0001,MODEL-C3,PERMUTATION_IMPORTANCE_MACRO_F1,5,5,64,S9:dR,0.01277975877283417,5,EXECUTED
EXP-XAI-0001,MODEL-C3,PERMUTATION_IMPORTANCE_MACRO_F1,5,10,8,S2:dR,0.02664407795616185,1,EXECUTED
EXP-XAI-0001,MODEL-C3,PERMUTATION_IMPORTANCE_MACRO_F1,5,10,0,S1:dR,0.017527293543226054,2,EXECUTED
EXP-XAI-0001,MODEL-C3,PERMUTATION_IMPORTANCE_MACRO_F1,5,10,115,S15:EMAi_0.01,0.013278859355011014,3,EXECUTED
EXP-XAI-0001,MODEL-C3,PERMUTATION_IMPORTANCE_MACRO_F1,5,10,114,S15:EMAi_0.001,0.013118421638125688,4,EXECUTED
EXP-XAI-0001,MODEL-C3,PERMUTATION_IMPORTANCE_MACRO_F1,5,10,64,S9:dR,0.01277975877283417,5,EXECUTED
EXP-XAI-0001,MODEL-C3,PERMUTATION_IMPORTANCE_MACRO_F1,5,10,72,S10:dR,0.010726276661719852,6,EXECUTED
EXP-XAI-0001,MODEL-C3,PERMUTATION_IMPORTANCE_MACRO_F1,5,10,123,S16:EMAi_0.01,0.010224111444504492,7,EXECUTED
EXP-XAI-0001,MODEL-C3,PERMUTATION_IMPORTANCE_MACRO_F1,5,10,62,S8:EMAd_0.01,0.00939429101256215,8,EXECUTED
EXP-XAI-0001,MODEL-C3,PERMUTATION_IMPORTANCE_MACRO_F1,5,10,82,S11:EMAi_0.001,0.009155228106605772,9,EXECUTED
EXP-XAI-0001,MODEL-C3,PERMUTATION_IMPORTANCE_MACRO_F1,5,10,54,S7:EMAd_0.01,0.009079155248794407,10,EXECUTED
EXP-XAI-0001,MODEL-C3,PERMUTATION_IMPORTANCE_MACRO_F1,6,1,99,S13:EMAi_0.01,0.010818144368787353,1,EXECUTED
EXP-XAI-0001,MODEL-C3,PERMUTATION_IMPORTANCE_MACRO_F1,6,3,99,S13:EMAi_0.01,0.010818144368787353,1,EXECUTED
EXP-XAI-0001,MODEL-C3,PERMUTATION_IMPORTANCE_MACRO_F1,6,3,107,S14:EMAi_0.01,0.008518647800010853,2,EXECUTED
EXP-XAI-0001,MODEL-C3,PERMUTATION_IMPORTANCE_MACRO_F1,6,3,106,S14:EMAi_0.001,0.00653469359475895,3,EXECUTED
EXP-XAI-0001,MODEL-C3,PERMUTATION_IMPORTANCE_MACRO_F1,6,5,99,S13:EMAi_0.01,0.010818144368787353,1,EXECUTED
EXP-XAI-0001,MODEL-C3,PERMUTATION_IMPORTANCE_MACRO_F1,6,5,107,S14:EMAi_0.01,0.008518647800010853,2,EXECUTED
EXP-XAI-0001,MODEL-C3,PERMUTATION_IMPORTANCE_MACRO_F1,6,5,106,S14:EMAi_0.001,0.00653469359475895,3,EXECUTED
EXP-XAI-0001,MODEL-C3,PERMUTATION_IMPORTANCE_MACRO_F1,6,5,0,S1:dR,0.00640084826976352,4,EXECUTED
EXP-XAI-0001,MODEL-C3,PERMUTATION_IMPORTANCE_MACRO_F1,6,5,98,S13:EMAi_0.001,0.006399342046890866,5,EXECUTED
EXP-XAI-0001,MODEL-C3,PERMUTATION_IMPORTANCE_MACRO_F1,6,10,99,S13:EMAi_0.01,0.010818144368787353,1,EXECUTED
EXP-XAI-0001,MODEL-C3,PERMUTATION_IMPORTANCE_MACRO_F1,6,10,107,S14:EMAi_0.01,0.008518647800010853,2,EXECUTED
EXP-XAI-0001,MODEL-C3,PERMUTATION_IMPORTANCE_MACRO_F1,6,10,106,S14:EMAi_0.001,0.00653469359475895,3,EXECUTED
EXP-XAI-0001,MODEL-C3,PERMUTATION_IMPORTANCE_MACRO_F1,6,10,0,S1:dR,0.00640084826976352,4,EXECUTED
EXP-XAI-0001,MODEL-C3,PERMUTATION_IMPORTANCE_MACRO_F1,6,10,98,S13:EMAi_0.001,0.006399342046890866,5,EXECUTED
EXP-XAI-0001,MODEL-C3,PERMUTATION_IMPORTANCE_MACRO_F1,6,10,97,S13:dR_norm,0.0044290470014185955,6,EXECUTED
EXP-XAI-0001,MODEL-C3,PERMUTATION_IMPORTANCE_MACRO_F1,6,10,105,S14:dR_norm,0.0037949420288216408,7,EXECUTED
EXP-XAI-0001,MODEL-C3,PERMUTATION_IMPORTANCE_MACRO_F1,6,10,8,S2:dR,0.003760096759015186,8,EXECUTED
EXP-XAI-0001,MODEL-C3,PERMUTATION_IMPORTANCE_MACRO_F1,6,10,72,S10:dR,0.003625703103486394,9,EXECUTED
EXP-XAI-0001,MODEL-C3,PERMUTATION_IMPORTANCE_MACRO_F1,6,10,64,S9:dR,0.0024972789882909243,10,EXECUTED
EXP-XAI-0001,MODEL-C3,PERMUTATION_IMPORTANCE_MACRO_F1,7,1,8,S2:dR,0.03440804060149573,1,EXECUTED
EXP-XAI-0001,MODEL-C3,PERMUTATION_IMPORTANCE_MACRO_F1,7,3,8,S2:dR,0.03440804060149573,1,EXECUTED
EXP-XAI-0001,MODEL-C3,PERMUTATION_IMPORTANCE_MACRO_F1,7,3,0,S1:dR,0.031856383584969866,2,EXECUTED
EXP-XAI-0001,MODEL-C3,PERMUTATION_IMPORTANCE_MACRO_F1,7,3,23,S3:EMAd_0.1,0.027424041817195655,3,EXECUTED
EXP-XAI-0001,MODEL-C3,PERMUTATION_IMPORTANCE_MACRO_F1,7,5,8,S2:dR,0.03440804060149573,1,EXECUTED
EXP-XAI-0001,MODEL-C3,PERMUTATION_IMPORTANCE_MACRO_F1,7,5,0,S1:dR,0.031856383584969866,2,EXECUTED
EXP-XAI-0001,MODEL-C3,PERMUTATION_IMPORTANCE_MACRO_F1,7,5,23,S3:EMAd_0.1,0.027424041817195655,3,EXECUTED
EXP-XAI-0001,MODEL-C3,PERMUTATION_IMPORTANCE_MACRO_F1,7,5,98,S13:EMAi_0.001,0.02115459834253173,4,EXECUTED
EXP-XAI-0001,MODEL-C3,PERMUTATION_IMPORTANCE_MACRO_F1,7,5,122,S16:EMAi_0.001,0.017190764731428453,5,EXECUTED
EXP-XAI-0001,MODEL-C3,PERMUTATION_IMPORTANCE_MACRO_F1,7,10,8,S2:dR,0.03440804060149573,1,EXECUTED
EXP-XAI-0001,MODEL-C3,PERMUTATION_IMPORTANCE_MACRO_F1,7,10,0,S1:dR,0.031856383584969866,2,EXECUTED
EXP-XAI-0001,MODEL-C3,PERMUTATION_IMPORTANCE_MACRO_F1,7,10,23,S3:EMAd_0.1,0.027424041817195655,3,EXECUTED
EXP-XAI-0001,MODEL-C3,PERMUTATION_IMPORTANCE_MACRO_F1,7,10,98,S13:EMAi_0.001,0.02115459834253173,4,EXECUTED
EXP-XAI-0001,MODEL-C3,PERMUTATION_IMPORTANCE_MACRO_F1,7,10,122,S16:EMAi_0.001,0.017190764731428453,5,EXECUTED
EXP-XAI-0001,MODEL-C3,PERMUTATION_IMPORTANCE_MACRO_F1,7,10,64,S9:dR,0.017038296230745004,6,EXECUTED
EXP-XAI-0001,MODEL-C3,PERMUTATION_IMPORTANCE_MACRO_F1,7,10,114,S15:EMAi_0.001,0.01687331054564916,7,EXECUTED
EXP-XAI-0001,MODEL-C3,PERMUTATION_IMPORTANCE_MACRO_F1,7,10,106,S14:EMAi_0.001,0.016594220431208933,8,EXECUTED
EXP-XAI-0001,MODEL-C3,PERMUTATION_IMPORTANCE_MACRO_F1,7,10,50,S7:EMAi_0.001,0.0164534776561516,9,EXECUTED
EXP-XAI-0001,MODEL-C3,PERMUTATION_IMPORTANCE_MACRO_F1,7,10,87,S11:EMAd_0.1,0.016408799087092297,10,EXECUTED
EXP-XAI-0001,MODEL-C3,PERMUTATION_IMPORTANCE_MACRO_F1,8,1,23,S3:EMAd_0.1,0.02422010726084209,1,EXECUTED
EXP-XAI-0001,MODEL-C3,PERMUTATION_IMPORTANCE_MACRO_F1,8,3,23,S3:EMAd_0.1,0.02422010726084209,1,EXECUTED
EXP-XAI-0001,MODEL-C3,PERMUTATION_IMPORTANCE_MACRO_F1,8,3,38,S5:EMAd_0.01,0.01746065633674385,2,EXECUTED
EXP-XAI-0001,MODEL-C3,PERMUTATION_IMPORTANCE_MACRO_F1,8,3,35,S5:EMAi_0.01,0.016628491548075972,3,EXECUTED
EXP-XAI-0001,MODEL-C3,PERMUTATION_IMPORTANCE_MACRO_F1,8,5,23,S3:EMAd_0.1,0.02422010726084209,1,EXECUTED
EXP-XAI-0001,MODEL-C3,PERMUTATION_IMPORTANCE_MACRO_F1,8,5,38,S5:EMAd_0.01,0.01746065633674385,2,EXECUTED
EXP-XAI-0001,MODEL-C3,PERMUTATION_IMPORTANCE_MACRO_F1,8,5,35,S5:EMAi_0.01,0.016628491548075972,3,EXECUTED
EXP-XAI-0001,MODEL-C3,PERMUTATION_IMPORTANCE_MACRO_F1,8,5,87,S11:EMAd_0.1,0.014376408955293607,4,EXECUTED
EXP-XAI-0001,MODEL-C3,PERMUTATION_IMPORTANCE_MACRO_F1,8,5,15,S2:EMAd_0.1,0.011328035338359022,5,EXECUTED
EXP-XAI-0001,MODEL-C3,PERMUTATION_IMPORTANCE_MACRO_F1,8,10,23,S3:EMAd_0.1,0.02422010726084209,1,EXECUTED
EXP-XAI-0001,MODEL-C3,PERMUTATION_IMPORTANCE_MACRO_F1,8,10,38,S5:EMAd_0.01,0.01746065633674385,2,EXECUTED
EXP-XAI-0001,MODEL-C3,PERMUTATION_IMPORTANCE_MACRO_F1,8,10,35,S5:EMAi_0.01,0.016628491548075972,3,EXECUTED
EXP-XAI-0001,MODEL-C3,PERMUTATION_IMPORTANCE_MACRO_F1,8,10,87,S11:EMAd_0.1,0.014376408955293607,4,EXECUTED
EXP-XAI-0001,MODEL-C3,PERMUTATION_IMPORTANCE_MACRO_F1,8,10,15,S2:EMAd_0.1,0.011328035338359022,5,EXECUTED
EXP-XAI-0001,MODEL-C3,PERMUTATION_IMPORTANCE_MACRO_F1,8,10,8,S2:dR,0.010044144237665304,6,EXECUTED
EXP-XAI-0001,MODEL-C3,PERMUTATION_IMPORTANCE_MACRO_F1,8,10,64,S9:dR,0.00966339433573037,7,EXECUTED
EXP-XAI-0001,MODEL-C3,PERMUTATION_IMPORTANCE_MACRO_F1,8,10,55,S7:EMAd_0.1,0.008311556453585884,8,EXECUTED
EXP-XAI-0001,MODEL-C3,PERMUTATION_IMPORTANCE_MACRO_F1,8,10,79,S10:EMAd_0.1,0.008139443672081003,9,EXECUTED
EXP-XAI-0001,MODEL-C3,PERMUTATION_IMPORTANCE_MACRO_F1,8,10,111,S14:EMAd_0.1,0.007520949323139081,10,EXECUTED
EXP-XAI-0001,MODEL-C3,PERMUTATION_IMPORTANCE_MACRO_F1,9,1,35,S5:EMAi_0.01,0.0015546275921828167,1,EXECUTED
EXP-XAI-0001,MODEL-C3,PERMUTATION_IMPORTANCE_MACRO_F1,9,3,35,S5:EMAi_0.01,0.0015546275921828167,1,EXECUTED
EXP-XAI-0001,MODEL-C3,PERMUTATION_IMPORTANCE_MACRO_F1,9,3,38,S5:EMAd_0.01,0.0014019568796940884,2,EXECUTED
EXP-XAI-0001,MODEL-C3,PERMUTATION_IMPORTANCE_MACRO_F1,9,3,31,S4:EMAd_0.1,0.0009806181378066714,3,EXECUTED
EXP-XAI-0001,MODEL-C3,PERMUTATION_IMPORTANCE_MACRO_F1,9,5,35,S5:EMAi_0.01,0.0015546275921828167,1,EXECUTED
EXP-XAI-0001,MODEL-C3,PERMUTATION_IMPORTANCE_MACRO_F1,9,5,38,S5:EMAd_0.01,0.0014019568796940884,2,EXECUTED
EXP-XAI-0001,MODEL-C3,PERMUTATION_IMPORTANCE_MACRO_F1,9,5,31,S4:EMAd_0.1,0.0009806181378066714,3,EXECUTED
EXP-XAI-0001,MODEL-C3,PERMUTATION_IMPORTANCE_MACRO_F1,9,5,79,S10:EMAd_0.1,0.000933144229867272,4,EXECUTED
EXP-XAI-0001,MODEL-C3,PERMUTATION_IMPORTANCE_MACRO_F1,9,5,119,S15:EMAd_0.1,0.0009304396291537842,5,EXECUTED
EXP-XAI-0001,MODEL-C3,PERMUTATION_IMPORTANCE_MACRO_F1,9,10,35,S5:EMAi_0.01,0.0015546275921828167,1,EXECUTED
EXP-XAI-0001,MODEL-C3,PERMUTATION_IMPORTANCE_MACRO_F1,9,10,38,S5:EMAd_0.01,0.0014019568796940884,2,EXECUTED
EXP-XAI-0001,MODEL-C3,PERMUTATION_IMPORTANCE_MACRO_F1,9,10,31,S4:EMAd_0.1,0.0009806181378066714,3,EXECUTED
EXP-XAI-0001,MODEL-C3,PERMUTATION_IMPORTANCE_MACRO_F1,9,10,79,S10:EMAd_0.1,0.000933144229867272,4,EXECUTED
EXP-XAI-0001,MODEL-C3,PERMUTATION_IMPORTANCE_MACRO_F1,9,10,119,S15:EMAd_0.1,0.0009304396291537842,5,EXECUTED
EXP-XAI-0001,MODEL-C3,PERMUTATION_IMPORTANCE_MACRO_F1,9,10,15,S2:EMAd_0.1,0.000924339006637065,6,EXECUTED
EXP-XAI-0001,MODEL-C3,PERMUTATION_IMPORTANCE_MACRO_F1,9,10,111,S14:EMAd_0.1,0.0009063634037206169,7,EXECUTED
EXP-XAI-0001,MODEL-C3,PERMUTATION_IMPORTANCE_MACRO_F1,9,10,55,S7:EMAd_0.1,0.0008636284781539716,8,EXECUTED
EXP-XAI-0001,MODEL-C3,PERMUTATION_IMPORTANCE_MACRO_F1,9,10,87,S11:EMAd_0.1,0.0008409080914531352,9,EXECUTED
EXP-XAI-0001,MODEL-C3,PERMUTATION_IMPORTANCE_MACRO_F1,9,10,39,S5:EMAd_0.1,0.000795466152164237,10,EXECUTED
EXP-XAI-0001,MODEL-C3,PERMUTATION_IMPORTANCE_MACRO_F1,10,1,94,S12:EMAd_0.01,0.015091896881867961,1,EXECUTED
EXP-XAI-0001,MODEL-C3,PERMUTATION_IMPORTANCE_MACRO_F1,10,3,94,S12:EMAd_0.01,0.015091896881867961,1,EXECUTED
EXP-XAI-0001,MODEL-C3,PERMUTATION_IMPORTANCE_MACRO_F1,10,3,86,S11:EMAd_0.01,0.014766591896841508,2,EXECUTED
EXP-XAI-0001,MODEL-C3,PERMUTATION_IMPORTANCE_MACRO_F1,10,3,23,S3:EMAd_0.1,0.014599466900285208,3,EXECUTED
EXP-XAI-0001,MODEL-C3,PERMUTATION_IMPORTANCE_MACRO_F1,10,5,94,S12:EMAd_0.01,0.015091896881867961,1,EXECUTED
EXP-XAI-0001,MODEL-C3,PERMUTATION_IMPORTANCE_MACRO_F1,10,5,86,S11:EMAd_0.01,0.014766591896841508,2,EXECUTED
EXP-XAI-0001,MODEL-C3,PERMUTATION_IMPORTANCE_MACRO_F1,10,5,23,S3:EMAd_0.1,0.014599466900285208,3,EXECUTED
EXP-XAI-0001,MODEL-C3,PERMUTATION_IMPORTANCE_MACRO_F1,10,5,118,S15:EMAd_0.01,0.012450987947629544,4,EXECUTED
EXP-XAI-0001,MODEL-C3,PERMUTATION_IMPORTANCE_MACRO_F1,10,5,126,S16:EMAd_0.01,0.01076426888450217,5,EXECUTED
EXP-XAI-0001,MODEL-C3,PERMUTATION_IMPORTANCE_MACRO_F1,10,10,94,S12:EMAd_0.01,0.015091896881867961,1,EXECUTED
EXP-XAI-0001,MODEL-C3,PERMUTATION_IMPORTANCE_MACRO_F1,10,10,86,S11:EMAd_0.01,0.014766591896841508,2,EXECUTED
EXP-XAI-0001,MODEL-C3,PERMUTATION_IMPORTANCE_MACRO_F1,10,10,23,S3:EMAd_0.1,0.014599466900285208,3,EXECUTED
EXP-XAI-0001,MODEL-C3,PERMUTATION_IMPORTANCE_MACRO_F1,10,10,118,S15:EMAd_0.01,0.012450987947629544,4,EXECUTED
EXP-XAI-0001,MODEL-C3,PERMUTATION_IMPORTANCE_MACRO_F1,10,10,126,S16:EMAd_0.01,0.01076426888450217,5,EXECUTED
EXP-XAI-0001,MODEL-C3,PERMUTATION_IMPORTANCE_MACRO_F1,10,10,14,S2:EMAd_0.01,0.0104990607394309,6,EXECUTED
EXP-XAI-0001,MODEL-C3,PERMUTATION_IMPORTANCE_MACRO_F1,10,10,79,S10:EMAd_0.1,0.010450047905303106,7,EXECUTED
EXP-XAI-0001,MODEL-C3,PERMUTATION_IMPORTANCE_MACRO_F1,10,10,22,S3:EMAd_0.01,0.00996504787548902,8,EXECUTED
EXP-XAI-0001,MODEL-C3,PERMUTATION_IMPORTANCE_MACRO_F1,10,10,87,S11:EMAd_0.1,0.009784377104413444,9,EXECUTED
EXP-XAI-0001,MODEL-C3,PERMUTATION_IMPORTANCE_MACRO_F1,10,10,30,S4:EMAd_0.01,0.008936799453310273,10,EXECUTED
EXP-XAI-0001,MODEL-C4,PERMUTATION_IMPORTANCE_MACRO_F1,2,1,14,S2:EMAd_0.01,0.05862027022786605,1,EXECUTED
EXP-XAI-0001,MODEL-C4,PERMUTATION_IMPORTANCE_MACRO_F1,2,3,14,S2:EMAd_0.01,0.05862027022786605,1,EXECUTED
EXP-XAI-0001,MODEL-C4,PERMUTATION_IMPORTANCE_MACRO_F1,2,3,99,S13:EMAi_0.01,0.04556584219887079,2,EXECUTED
EXP-XAI-0001,MODEL-C4,PERMUTATION_IMPORTANCE_MACRO_F1,2,3,27,S4:EMAi_0.01,0.0445355511290864,3,EXECUTED
EXP-XAI-0001,MODEL-C4,PERMUTATION_IMPORTANCE_MACRO_F1,2,5,14,S2:EMAd_0.01,0.05862027022786605,1,EXECUTED
EXP-XAI-0001,MODEL-C4,PERMUTATION_IMPORTANCE_MACRO_F1,2,5,99,S13:EMAi_0.01,0.04556584219887079,2,EXECUTED
EXP-XAI-0001,MODEL-C4,PERMUTATION_IMPORTANCE_MACRO_F1,2,5,27,S4:EMAi_0.01,0.0445355511290864,3,EXECUTED
EXP-XAI-0001,MODEL-C4,PERMUTATION_IMPORTANCE_MACRO_F1,2,5,64,S9:dR,0.04289578981277888,4,EXECUTED
EXP-XAI-0001,MODEL-C4,PERMUTATION_IMPORTANCE_MACRO_F1,2,5,6,S1:EMAd_0.01,0.03743248393174721,5,EXECUTED
EXP-XAI-0001,MODEL-C4,PERMUTATION_IMPORTANCE_MACRO_F1,2,10,14,S2:EMAd_0.01,0.05862027022786605,1,EXECUTED
EXP-XAI-0001,MODEL-C4,PERMUTATION_IMPORTANCE_MACRO_F1,2,10,99,S13:EMAi_0.01,0.04556584219887079,2,EXECUTED
EXP-XAI-0001,MODEL-C4,PERMUTATION_IMPORTANCE_MACRO_F1,2,10,27,S4:EMAi_0.01,0.0445355511290864,3,EXECUTED
EXP-XAI-0001,MODEL-C4,PERMUTATION_IMPORTANCE_MACRO_F1,2,10,64,S9:dR,0.04289578981277888,4,EXECUTED
EXP-XAI-0001,MODEL-C4,PERMUTATION_IMPORTANCE_MACRO_F1,2,10,6,S1:EMAd_0.01,0.03743248393174721,5,EXECUTED
EXP-XAI-0001,MODEL-C4,PERMUTATION_IMPORTANCE_MACRO_F1,2,10,72,S10:dR,0.036293017913418456,6,EXECUTED
EXP-XAI-0001,MODEL-C4,PERMUTATION_IMPORTANCE_MACRO_F1,2,10,42,S6:EMAi_0.001,0.03524361712432056,7,EXECUTED
EXP-XAI-0001,MODEL-C4,PERMUTATION_IMPORTANCE_MACRO_F1,2,10,0,S1:dR,0.03457387501973959,8,EXECUTED
EXP-XAI-0001,MODEL-C4,PERMUTATION_IMPORTANCE_MACRO_F1,2,10,8,S2:dR,0.03418307277320924,9,EXECUTED
EXP-XAI-0001,MODEL-C4,PERMUTATION_IMPORTANCE_MACRO_F1,2,10,123,S16:EMAi_0.01,0.025058552110910126,10,EXECUTED
EXP-XAI-0001,MODEL-C4,PERMUTATION_IMPORTANCE_MACRO_F1,3,1,107,S14:EMAi_0.01,0.05513730041293008,1,EXECUTED
EXP-XAI-0001,MODEL-C4,PERMUTATION_IMPORTANCE_MACRO_F1,3,3,107,S14:EMAi_0.01,0.05513730041293008,1,EXECUTED
EXP-XAI-0001,MODEL-C4,PERMUTATION_IMPORTANCE_MACRO_F1,3,3,58,S8:EMAi_0.001,0.04436502892275063,2,EXECUTED
EXP-XAI-0001,MODEL-C4,PERMUTATION_IMPORTANCE_MACRO_F1,3,3,50,S7:EMAi_0.001,0.03691732663421536,3,EXECUTED
EXP-XAI-0001,MODEL-C4,PERMUTATION_IMPORTANCE_MACRO_F1,3,5,107,S14:EMAi_0.01,0.05513730041293008,1,EXECUTED
EXP-XAI-0001,MODEL-C4,PERMUTATION_IMPORTANCE_MACRO_F1,3,5,58,S8:EMAi_0.001,0.04436502892275063,2,EXECUTED
EXP-XAI-0001,MODEL-C4,PERMUTATION_IMPORTANCE_MACRO_F1,3,5,50,S7:EMAi_0.001,0.03691732663421536,3,EXECUTED
EXP-XAI-0001,MODEL-C4,PERMUTATION_IMPORTANCE_MACRO_F1,3,5,51,S7:EMAi_0.01,0.036435712989777255,4,EXECUTED
EXP-XAI-0001,MODEL-C4,PERMUTATION_IMPORTANCE_MACRO_F1,3,5,34,S5:EMAi_0.001,0.03642578017233091,5,EXECUTED
EXP-XAI-0001,MODEL-C4,PERMUTATION_IMPORTANCE_MACRO_F1,3,10,107,S14:EMAi_0.01,0.05513730041293008,1,EXECUTED
EXP-XAI-0001,MODEL-C4,PERMUTATION_IMPORTANCE_MACRO_F1,3,10,58,S8:EMAi_0.001,0.04436502892275063,2,EXECUTED
EXP-XAI-0001,MODEL-C4,PERMUTATION_IMPORTANCE_MACRO_F1,3,10,50,S7:EMAi_0.001,0.03691732663421536,3,EXECUTED
EXP-XAI-0001,MODEL-C4,PERMUTATION_IMPORTANCE_MACRO_F1,3,10,51,S7:EMAi_0.01,0.036435712989777255,4,EXECUTED
EXP-XAI-0001,MODEL-C4,PERMUTATION_IMPORTANCE_MACRO_F1,3,10,34,S5:EMAi_0.001,0.03642578017233091,5,EXECUTED
EXP-XAI-0001,MODEL-C4,PERMUTATION_IMPORTANCE_MACRO_F1,3,10,18,S3:EMAi_0.001,0.035243302323878886,6,EXECUTED
EXP-XAI-0001,MODEL-C4,PERMUTATION_IMPORTANCE_MACRO_F1,3,10,98,S13:EMAi_0.001,0.03521252237171746,7,EXECUTED
EXP-XAI-0001,MODEL-C4,PERMUTATION_IMPORTANCE_MACRO_F1,3,10,115,S15:EMAi_0.01,0.035025870543191104,8,EXECUTED
EXP-XAI-0001,MODEL-C4,PERMUTATION_IMPORTANCE_MACRO_F1,3,10,106,S14:EMAi_0.001,0.03426419832237655,9,EXECUTED
EXP-XAI-0001,MODEL-C4,PERMUTATION_IMPORTANCE_MACRO_F1,3,10,35,S5:EMAi_0.01,0.03308301002541218,10,EXECUTED
EXP-XAI-0001,MODEL-C4,PERMUTATION_IMPORTANCE_MACRO_F1,4,1,118,S15:EMAd_0.01,0.04783381715189845,1,EXECUTED
EXP-XAI-0001,MODEL-C4,PERMUTATION_IMPORTANCE_MACRO_F1,4,3,118,S15:EMAd_0.01,0.04783381715189845,1,EXECUTED
EXP-XAI-0001,MODEL-C4,PERMUTATION_IMPORTANCE_MACRO_F1,4,3,86,S11:EMAd_0.01,0.03659247781662147,2,EXECUTED
EXP-XAI-0001,MODEL-C4,PERMUTATION_IMPORTANCE_MACRO_F1,4,3,54,S7:EMAd_0.01,0.027028009148705855,3,EXECUTED
EXP-XAI-0001,MODEL-C4,PERMUTATION_IMPORTANCE_MACRO_F1,4,5,118,S15:EMAd_0.01,0.04783381715189845,1,EXECUTED
EXP-XAI-0001,MODEL-C4,PERMUTATION_IMPORTANCE_MACRO_F1,4,5,86,S11:EMAd_0.01,0.03659247781662147,2,EXECUTED
EXP-XAI-0001,MODEL-C4,PERMUTATION_IMPORTANCE_MACRO_F1,4,5,54,S7:EMAd_0.01,0.027028009148705855,3,EXECUTED
EXP-XAI-0001,MODEL-C4,PERMUTATION_IMPORTANCE_MACRO_F1,4,5,30,S4:EMAd_0.01,0.02490027534286503,4,EXECUTED
EXP-XAI-0001,MODEL-C4,PERMUTATION_IMPORTANCE_MACRO_F1,4,5,38,S5:EMAd_0.01,0.022633344571517933,5,EXECUTED
EXP-XAI-0001,MODEL-C4,PERMUTATION_IMPORTANCE_MACRO_F1,4,10,118,S15:EMAd_0.01,0.04783381715189845,1,EXECUTED
EXP-XAI-0001,MODEL-C4,PERMUTATION_IMPORTANCE_MACRO_F1,4,10,86,S11:EMAd_0.01,0.03659247781662147,2,EXECUTED
EXP-XAI-0001,MODEL-C4,PERMUTATION_IMPORTANCE_MACRO_F1,4,10,54,S7:EMAd_0.01,0.027028009148705855,3,EXECUTED
EXP-XAI-0001,MODEL-C4,PERMUTATION_IMPORTANCE_MACRO_F1,4,10,30,S4:EMAd_0.01,0.02490027534286503,4,EXECUTED
EXP-XAI-0001,MODEL-C4,PERMUTATION_IMPORTANCE_MACRO_F1,4,10,38,S5:EMAd_0.01,0.022633344571517933,5,EXECUTED
EXP-XAI-0001,MODEL-C4,PERMUTATION_IMPORTANCE_MACRO_F1,4,10,126,S16:EMAd_0.01,0.02043014420885858,6,EXECUTED
EXP-XAI-0001,MODEL-C4,PERMUTATION_IMPORTANCE_MACRO_F1,4,10,0,S1:dR,0.010626466323313755,7,EXECUTED
EXP-XAI-0001,MODEL-C4,PERMUTATION_IMPORTANCE_MACRO_F1,4,10,29,S4:EMAd_0.001,0.008330534673245682,8,EXECUTED
EXP-XAI-0001,MODEL-C4,PERMUTATION_IMPORTANCE_MACRO_F1,4,10,110,S14:EMAd_0.01,0.008035201899056266,9,EXECUTED
EXP-XAI-0001,MODEL-C4,PERMUTATION_IMPORTANCE_MACRO_F1,4,10,102,S13:EMAd_0.01,0.007743544767324561,10,EXECUTED
EXP-XAI-0001,MODEL-C4,PERMUTATION_IMPORTANCE_MACRO_F1,5,1,18,S3:EMAi_0.001,0.01120469711052836,1,EXECUTED
EXP-XAI-0001,MODEL-C4,PERMUTATION_IMPORTANCE_MACRO_F1,5,3,18,S3:EMAi_0.001,0.01120469711052836,1,EXECUTED
EXP-XAI-0001,MODEL-C4,PERMUTATION_IMPORTANCE_MACRO_F1,5,3,0,S1:dR,0.008368404634372505,2,EXECUTED
EXP-XAI-0001,MODEL-C4,PERMUTATION_IMPORTANCE_MACRO_F1,5,3,99,S13:EMAi_0.01,0.007197010623652278,3,EXECUTED
EXP-XAI-0001,MODEL-C4,PERMUTATION_IMPORTANCE_MACRO_F1,5,5,18,S3:EMAi_0.001,0.01120469711052836,1,EXECUTED
EXP-XAI-0001,MODEL-C4,PERMUTATION_IMPORTANCE_MACRO_F1,5,5,0,S1:dR,0.008368404634372505,2,EXECUTED
EXP-XAI-0001,MODEL-C4,PERMUTATION_IMPORTANCE_MACRO_F1,5,5,99,S13:EMAi_0.01,0.007197010623652278,3,EXECUTED
EXP-XAI-0001,MODEL-C4,PERMUTATION_IMPORTANCE_MACRO_F1,5,5,58,S8:EMAi_0.001,0.0031468985854950617,4,EXECUTED
EXP-XAI-0001,MODEL-C4,PERMUTATION_IMPORTANCE_MACRO_F1,5,5,80,S11:dR,0.0031468985854950617,5,EXECUTED
EXP-XAI-0001,MODEL-C4,PERMUTATION_IMPORTANCE_MACRO_F1,5,10,18,S3:EMAi_0.001,0.01120469711052836,1,EXECUTED
EXP-XAI-0001,MODEL-C4,PERMUTATION_IMPORTANCE_MACRO_F1,5,10,0,S1:dR,0.008368404634372505,2,EXECUTED
EXP-XAI-0001,MODEL-C4,PERMUTATION_IMPORTANCE_MACRO_F1,5,10,99,S13:EMAi_0.01,0.007197010623652278,3,EXECUTED
EXP-XAI-0001,MODEL-C4,PERMUTATION_IMPORTANCE_MACRO_F1,5,10,58,S8:EMAi_0.001,0.0031468985854950617,4,EXECUTED
EXP-XAI-0001,MODEL-C4,PERMUTATION_IMPORTANCE_MACRO_F1,5,10,80,S11:dR,0.0031468985854950617,5,EXECUTED
EXP-XAI-0001,MODEL-C4,PERMUTATION_IMPORTANCE_MACRO_F1,5,10,86,S11:EMAd_0.01,0.0031468985854950617,6,EXECUTED
EXP-XAI-0001,MODEL-C4,PERMUTATION_IMPORTANCE_MACRO_F1,5,10,120,S16:dR,0.0031468985854950617,7,EXECUTED
EXP-XAI-0001,MODEL-C4,PERMUTATION_IMPORTANCE_MACRO_F1,5,10,112,S15:dR,0.0027338736759210834,8,EXECUTED
EXP-XAI-0001,MODEL-C4,PERMUTATION_IMPORTANCE_MACRO_F1,5,10,88,S12:dR,0.0023975402694489277,9,EXECUTED
EXP-XAI-0001,MODEL-C4,PERMUTATION_IMPORTANCE_MACRO_F1,5,10,64,S9:dR,0.0017465938164588856,10,EXECUTED
EXP-XAI-0001,MODEL-C4,PERMUTATION_IMPORTANCE_MACRO_F1,6,1,98,S13:EMAi_0.001,0.03716253756755,1,EXECUTED
EXP-XAI-0001,MODEL-C4,PERMUTATION_IMPORTANCE_MACRO_F1,6,3,98,S13:EMAi_0.001,0.03716253756755,1,EXECUTED
EXP-XAI-0001,MODEL-C4,PERMUTATION_IMPORTANCE_MACRO_F1,6,3,99,S13:EMAi_0.01,0.024877036029246992,2,EXECUTED
EXP-XAI-0001,MODEL-C4,PERMUTATION_IMPORTANCE_MACRO_F1,6,3,119,S15:EMAd_0.1,0.005510622711081448,3,EXECUTED
EXP-XAI-0001,MODEL-C4,PERMUTATION_IMPORTANCE_MACRO_F1,6,5,98,S13:EMAi_0.001,0.03716253756755,1,EXECUTED
EXP-XAI-0001,MODEL-C4,PERMUTATION_IMPORTANCE_MACRO_F1,6,5,99,S13:EMAi_0.01,0.024877036029246992,2,EXECUTED
EXP-XAI-0001,MODEL-C4,PERMUTATION_IMPORTANCE_MACRO_F1,6,5,119,S15:EMAd_0.1,0.005510622711081448,3,EXECUTED
EXP-XAI-0001,MODEL-C4,PERMUTATION_IMPORTANCE_MACRO_F1,6,5,95,S12:EMAd_0.1,0.004179096511368585,4,EXECUTED
EXP-XAI-0001,MODEL-C4,PERMUTATION_IMPORTANCE_MACRO_F1,6,5,14,S2:EMAd_0.01,0.004023601980475222,5,EXECUTED
EXP-XAI-0001,MODEL-C4,PERMUTATION_IMPORTANCE_MACRO_F1,6,10,98,S13:EMAi_0.001,0.03716253756755,1,EXECUTED
EXP-XAI-0001,MODEL-C4,PERMUTATION_IMPORTANCE_MACRO_F1,6,10,99,S13:EMAi_0.01,0.024877036029246992,2,EXECUTED
EXP-XAI-0001,MODEL-C4,PERMUTATION_IMPORTANCE_MACRO_F1,6,10,119,S15:EMAd_0.1,0.005510622711081448,3,EXECUTED
EXP-XAI-0001,MODEL-C4,PERMUTATION_IMPORTANCE_MACRO_F1,6,10,95,S12:EMAd_0.1,0.004179096511368585,4,EXECUTED
EXP-XAI-0001,MODEL-C4,PERMUTATION_IMPORTANCE_MACRO_F1,6,10,14,S2:EMAd_0.01,0.004023601980475222,5,EXECUTED
EXP-XAI-0001,MODEL-C4,PERMUTATION_IMPORTANCE_MACRO_F1,6,10,38,S5:EMAd_0.01,0.0031629645811763083,6,EXECUTED
EXP-XAI-0001,MODEL-C4,PERMUTATION_IMPORTANCE_MACRO_F1,6,10,111,S14:EMAd_0.1,0.0031274877362180153,7,EXECUTED
EXP-XAI-0001,MODEL-C4,PERMUTATION_IMPORTANCE_MACRO_F1,6,10,17,S3:dR_norm,0.003124419961831837,8,EXECUTED
EXP-XAI-0001,MODEL-C4,PERMUTATION_IMPORTANCE_MACRO_F1,6,10,108,S14:EMAi_0.1,0.0030371633771817176,9,EXECUTED
EXP-XAI-0001,MODEL-C4,PERMUTATION_IMPORTANCE_MACRO_F1,6,10,46,S6:EMAd_0.01,0.0028631674307947443,10,EXECUTED
EXP-XAI-0001,MODEL-C4,PERMUTATION_IMPORTANCE_MACRO_F1,7,1,98,S13:EMAi_0.001,0.015607848998581742,1,EXECUTED
EXP-XAI-0001,MODEL-C4,PERMUTATION_IMPORTANCE_MACRO_F1,7,3,98,S13:EMAi_0.001,0.015607848998581742,1,EXECUTED
EXP-XAI-0001,MODEL-C4,PERMUTATION_IMPORTANCE_MACRO_F1,7,3,18,S3:EMAi_0.001,0.010922020054810855,2,EXECUTED
EXP-XAI-0001,MODEL-C4,PERMUTATION_IMPORTANCE_MACRO_F1,7,3,99,S13:EMAi_0.01,0.009863045591937746,3,EXECUTED
EXP-XAI-0001,MODEL-C4,PERMUTATION_IMPORTANCE_MACRO_F1,7,5,98,S13:EMAi_0.001,0.015607848998581742,1,EXECUTED
EXP-XAI-0001,MODEL-C4,PERMUTATION_IMPORTANCE_MACRO_F1,7,5,18,S3:EMAi_0.001,0.010922020054810855,2,EXECUTED
EXP-XAI-0001,MODEL-C4,PERMUTATION_IMPORTANCE_MACRO_F1,7,5,99,S13:EMAi_0.01,0.009863045591937746,3,EXECUTED
EXP-XAI-0001,MODEL-C4,PERMUTATION_IMPORTANCE_MACRO_F1,7,5,107,S14:EMAi_0.01,0.008005843518884014,4,EXECUTED
EXP-XAI-0001,MODEL-C4,PERMUTATION_IMPORTANCE_MACRO_F1,7,5,58,S8:EMAi_0.001,0.007552133153181229,5,EXECUTED
EXP-XAI-0001,MODEL-C4,PERMUTATION_IMPORTANCE_MACRO_F1,7,10,98,S13:EMAi_0.001,0.015607848998581742,1,EXECUTED
EXP-XAI-0001,MODEL-C4,PERMUTATION_IMPORTANCE_MACRO_F1,7,10,18,S3:EMAi_0.001,0.010922020054810855,2,EXECUTED
EXP-XAI-0001,MODEL-C4,PERMUTATION_IMPORTANCE_MACRO_F1,7,10,99,S13:EMAi_0.01,0.009863045591937746,3,EXECUTED
EXP-XAI-0001,MODEL-C4,PERMUTATION_IMPORTANCE_MACRO_F1,7,10,107,S14:EMAi_0.01,0.008005843518884014,4,EXECUTED
EXP-XAI-0001,MODEL-C4,PERMUTATION_IMPORTANCE_MACRO_F1,7,10,58,S8:EMAi_0.001,0.007552133153181229,5,EXECUTED
EXP-XAI-0001,MODEL-C4,PERMUTATION_IMPORTANCE_MACRO_F1,7,10,8,S2:dR,0.006547223815689318,6,EXECUTED
EXP-XAI-0001,MODEL-C4,PERMUTATION_IMPORTANCE_MACRO_F1,7,10,38,S5:EMAd_0.01,0.004196484423261737,7,EXECUTED
EXP-XAI-0001,MODEL-C4,PERMUTATION_IMPORTANCE_MACRO_F1,7,10,51,S7:EMAi_0.01,0.004003604927912585,8,EXECUTED
EXP-XAI-0001,MODEL-C4,PERMUTATION_IMPORTANCE_MACRO_F1,7,10,59,S8:EMAi_0.01,0.0036270311668842314,9,EXECUTED
EXP-XAI-0001,MODEL-C4,PERMUTATION_IMPORTANCE_MACRO_F1,7,10,106,S14:EMAi_0.001,0.0033840565091770025,10,EXECUTED
EXP-XAI-0001,MODEL-C4,PERMUTATION_IMPORTANCE_MACRO_F1,8,1,8,S2:dR,0.02173278274892071,1,EXECUTED
EXP-XAI-0001,MODEL-C4,PERMUTATION_IMPORTANCE_MACRO_F1,8,3,8,S2:dR,0.02173278274892071,1,EXECUTED
EXP-XAI-0001,MODEL-C4,PERMUTATION_IMPORTANCE_MACRO_F1,8,3,98,S13:EMAi_0.001,0.018878784629124363,2,EXECUTED
EXP-XAI-0001,MODEL-C4,PERMUTATION_IMPORTANCE_MACRO_F1,8,3,99,S13:EMAi_0.01,0.015195973269064689,3,EXECUTED
EXP-XAI-0001,MODEL-C4,PERMUTATION_IMPORTANCE_MACRO_F1,8,5,8,S2:dR,0.02173278274892071,1,EXECUTED
EXP-XAI-0001,MODEL-C4,PERMUTATION_IMPORTANCE_MACRO_F1,8,5,98,S13:EMAi_0.001,0.018878784629124363,2,EXECUTED
EXP-XAI-0001,MODEL-C4,PERMUTATION_IMPORTANCE_MACRO_F1,8,5,99,S13:EMAi_0.01,0.015195973269064689,3,EXECUTED
EXP-XAI-0001,MODEL-C4,PERMUTATION_IMPORTANCE_MACRO_F1,8,5,43,S6:EMAi_0.01,0.014421198691588033,4,EXECUTED
EXP-XAI-0001,MODEL-C4,PERMUTATION_IMPORTANCE_MACRO_F1,8,5,107,S14:EMAi_0.01,0.013803335275819218,5,EXECUTED
EXP-XAI-0001,MODEL-C4,PERMUTATION_IMPORTANCE_MACRO_F1,8,10,8,S2:dR,0.02173278274892071,1,EXECUTED
EXP-XAI-0001,MODEL-C4,PERMUTATION_IMPORTANCE_MACRO_F1,8,10,98,S13:EMAi_0.001,0.018878784629124363,2,EXECUTED
EXP-XAI-0001,MODEL-C4,PERMUTATION_IMPORTANCE_MACRO_F1,8,10,99,S13:EMAi_0.01,0.015195973269064689,3,EXECUTED
EXP-XAI-0001,MODEL-C4,PERMUTATION_IMPORTANCE_MACRO_F1,8,10,43,S6:EMAi_0.01,0.014421198691588033,4,EXECUTED
EXP-XAI-0001,MODEL-C4,PERMUTATION_IMPORTANCE_MACRO_F1,8,10,107,S14:EMAi_0.01,0.013803335275819218,5,EXECUTED
EXP-XAI-0001,MODEL-C4,PERMUTATION_IMPORTANCE_MACRO_F1,8,10,54,S7:EMAd_0.01,0.01031830924146802,6,EXECUTED
EXP-XAI-0001,MODEL-C4,PERMUTATION_IMPORTANCE_MACRO_F1,8,10,123,S16:EMAi_0.01,0.00885636723414232,7,EXECUTED
EXP-XAI-0001,MODEL-C4,PERMUTATION_IMPORTANCE_MACRO_F1,8,10,49,S7:dR_norm,0.00850523807794965,8,EXECUTED
EXP-XAI-0001,MODEL-C4,PERMUTATION_IMPORTANCE_MACRO_F1,8,10,61,S8:EMAd_0.001,0.008402031933430604,9,EXECUTED
EXP-XAI-0001,MODEL-C4,PERMUTATION_IMPORTANCE_MACRO_F1,8,10,121,S16:dR_norm,0.0068651677343257115,10,EXECUTED
EXP-XAI-0001,MODEL-C4,PERMUTATION_IMPORTANCE_MACRO_F1,9,1,24,S4:dR,0.0010763571455520093,1,EXECUTED
EXP-XAI-0001,MODEL-C4,PERMUTATION_IMPORTANCE_MACRO_F1,9,3,24,S4:dR,0.0010763571455520093,1,EXECUTED
EXP-XAI-0001,MODEL-C4,PERMUTATION_IMPORTANCE_MACRO_F1,9,3,120,S16:dR,0.0008530617339050084,2,EXECUTED
EXP-XAI-0001,MODEL-C4,PERMUTATION_IMPORTANCE_MACRO_F1,9,3,16,S3:dR,0.0007614423812474736,3,EXECUTED
EXP-XAI-0001,MODEL-C4,PERMUTATION_IMPORTANCE_MACRO_F1,9,5,24,S4:dR,0.0010763571455520093,1,EXECUTED
EXP-XAI-0001,MODEL-C4,PERMUTATION_IMPORTANCE_MACRO_F1,9,5,120,S16:dR,0.0008530617339050084,2,EXECUTED
EXP-XAI-0001,MODEL-C4,PERMUTATION_IMPORTANCE_MACRO_F1,9,5,16,S3:dR,0.0007614423812474736,3,EXECUTED
EXP-XAI-0001,MODEL-C4,PERMUTATION_IMPORTANCE_MACRO_F1,9,5,113,S15:dR_norm,0.0005284815759811434,4,EXECUTED
EXP-XAI-0001,MODEL-C4,PERMUTATION_IMPORTANCE_MACRO_F1,9,5,91,S12:EMAi_0.01,0.0005275058506214181,5,EXECUTED
EXP-XAI-0001,MODEL-C4,PERMUTATION_IMPORTANCE_MACRO_F1,9,10,24,S4:dR,0.0010763571455520093,1,EXECUTED
EXP-XAI-0001,MODEL-C4,PERMUTATION_IMPORTANCE_MACRO_F1,9,10,120,S16:dR,0.0008530617339050084,2,EXECUTED
EXP-XAI-0001,MODEL-C4,PERMUTATION_IMPORTANCE_MACRO_F1,9,10,16,S3:dR,0.0007614423812474736,3,EXECUTED
EXP-XAI-0001,MODEL-C4,PERMUTATION_IMPORTANCE_MACRO_F1,9,10,113,S15:dR_norm,0.0005284815759811434,4,EXECUTED
EXP-XAI-0001,MODEL-C4,PERMUTATION_IMPORTANCE_MACRO_F1,9,10,91,S12:EMAi_0.01,0.0005275058506214181,5,EXECUTED
EXP-XAI-0001,MODEL-C4,PERMUTATION_IMPORTANCE_MACRO_F1,9,10,97,S13:dR_norm,0.0005255256171745271,6,EXECUTED
EXP-XAI-0001,MODEL-C4,PERMUTATION_IMPORTANCE_MACRO_F1,9,10,112,S15:dR,0.00048169617429265067,7,EXECUTED
EXP-XAI-0001,MODEL-C4,PERMUTATION_IMPORTANCE_MACRO_F1,9,10,82,S11:EMAi_0.001,0.0004807109267493337,8,EXECUTED
EXP-XAI-0001,MODEL-C4,PERMUTATION_IMPORTANCE_MACRO_F1,9,10,44,S6:EMAi_0.1,0.00047673076237871314,9,EXECUTED
EXP-XAI-0001,MODEL-C4,PERMUTATION_IMPORTANCE_MACRO_F1,9,10,27,S4:EMAi_0.01,0.0004349107726041579,10,EXECUTED
EXP-XAI-0001,MODEL-C4,PERMUTATION_IMPORTANCE_MACRO_F1,10,1,118,S15:EMAd_0.01,0.025387839828920067,1,EXECUTED
EXP-XAI-0001,MODEL-C4,PERMUTATION_IMPORTANCE_MACRO_F1,10,3,118,S15:EMAd_0.01,0.025387839828920067,1,EXECUTED
EXP-XAI-0001,MODEL-C4,PERMUTATION_IMPORTANCE_MACRO_F1,10,3,119,S15:EMAd_0.1,0.023678980602866773,2,EXECUTED
EXP-XAI-0001,MODEL-C4,PERMUTATION_IMPORTANCE_MACRO_F1,10,3,95,S12:EMAd_0.1,0.022872096438058376,3,EXECUTED
EXP-XAI-0001,MODEL-C4,PERMUTATION_IMPORTANCE_MACRO_F1,10,5,118,S15:EMAd_0.01,0.025387839828920067,1,EXECUTED
EXP-XAI-0001,MODEL-C4,PERMUTATION_IMPORTANCE_MACRO_F1,10,5,119,S15:EMAd_0.1,0.023678980602866773,2,EXECUTED
EXP-XAI-0001,MODEL-C4,PERMUTATION_IMPORTANCE_MACRO_F1,10,5,95,S12:EMAd_0.1,0.022872096438058376,3,EXECUTED
EXP-XAI-0001,MODEL-C4,PERMUTATION_IMPORTANCE_MACRO_F1,10,5,54,S7:EMAd_0.01,0.019124053172606303,4,EXECUTED
EXP-XAI-0001,MODEL-C4,PERMUTATION_IMPORTANCE_MACRO_F1,10,5,30,S4:EMAd_0.01,0.017855833250442897,5,EXECUTED
EXP-XAI-0001,MODEL-C4,PERMUTATION_IMPORTANCE_MACRO_F1,10,10,118,S15:EMAd_0.01,0.025387839828920067,1,EXECUTED
EXP-XAI-0001,MODEL-C4,PERMUTATION_IMPORTANCE_MACRO_F1,10,10,119,S15:EMAd_0.1,0.023678980602866773,2,EXECUTED
EXP-XAI-0001,MODEL-C4,PERMUTATION_IMPORTANCE_MACRO_F1,10,10,95,S12:EMAd_0.1,0.022872096438058376,3,EXECUTED
EXP-XAI-0001,MODEL-C4,PERMUTATION_IMPORTANCE_MACRO_F1,10,10,54,S7:EMAd_0.01,0.019124053172606303,4,EXECUTED
EXP-XAI-0001,MODEL-C4,PERMUTATION_IMPORTANCE_MACRO_F1,10,10,30,S4:EMAd_0.01,0.017855833250442897,5,EXECUTED
EXP-XAI-0001,MODEL-C4,PERMUTATION_IMPORTANCE_MACRO_F1,10,10,14,S2:EMAd_0.01,0.016498704668778195,6,EXECUTED
EXP-XAI-0001,MODEL-C4,PERMUTATION_IMPORTANCE_MACRO_F1,10,10,23,S3:EMAd_0.1,0.01580970878242819,7,EXECUTED
EXP-XAI-0001,MODEL-C4,PERMUTATION_IMPORTANCE_MACRO_F1,10,10,68,S9:EMAi_0.1,0.015577868564760955,8,EXECUTED
EXP-XAI-0001,MODEL-C4,PERMUTATION_IMPORTANCE_MACRO_F1,10,10,31,S4:EMAd_0.1,0.015462444719451528,9,EXECUTED
EXP-XAI-0001,MODEL-C4,PERMUTATION_IMPORTANCE_MACRO_F1,10,10,110,S14:EMAd_0.01,0.015193553819636153,10,EXECUTED
