model_id,method,scope,batch,phase,feature_count,sample_count,prediction_calls,batch_size,environment_id,median_ns,mean_ns,p95_ns,p99_ns,iqr_ns,min_ns,max_ns,std_ns,cv,n,experiment_id,median_us,p95_us,unit,variance_flag,scientific_scope,global_explanation_total_ms,normalized_ms_per_evaluated_sample,normalization_warning
MODEL-C1,INTRINSIC_COEFFICIENT,GLOBAL,,ONE_TIME_GLOBAL_EXTRACTION_COST,128,0,0,1,HOST-STAGE12-001,12800.0,12902.0,13805.0,16121.000000000013,300.0,12300.0,18200.0,734.1565627206901,0.0569025393520919,100,EXP-XAI-LATENCY-001,12.8,13.805,nanoseconds_raw_microseconds_presentation,REPORTED_CONTINUOUSLY,HOST_MEASURED,,,NOT_APPLICABLE
MODEL-C1,INTRINSIC_COEFFICIENT,GLOBAL,,TOP_K_REDUCTION_K1,128,0,0,1,HOST-STAGE12-001,4900.0,5474.0,5700.0,7847.000000000228,100.0,4800.0,52100.0,4719.797547447231,0.8622209622665749,100,EXP-XAI-LATENCY-001,4.9,5.7,nanoseconds_raw_microseconds_presentation,HIGH_VARIANCE_HOST_MEASUREMENT,HOST_MEASURED,,,NOT_APPLICABLE
MODEL-C1,INTRINSIC_COEFFICIENT,GLOBAL,,TOP_K_REDUCTION_K10,128,0,0,1,HOST-STAGE12-001,5000.0,4997.0,5200.0,5504.000000000002,100.0,4800.0,5900.0,132.9198132998868,0.0265999226135454,100,EXP-XAI-LATENCY-001,5.0,5.2,nanoseconds_raw_microseconds_presentation,REPORTED_CONTINUOUSLY,HOST_MEASURED,,,NOT_APPLICABLE
MODEL-C1,INTRINSIC_COEFFICIENT,GLOBAL,,TOP_K_REDUCTION_K20,128,0,0,1,HOST-STAGE12-001,5000.0,5048.0,5200.0,6425.000000000013,100.0,4800.0,8900.0,425.5667641006176,0.0843040340928323,100,EXP-XAI-LATENCY-001,5.0,5.2,nanoseconds_raw_microseconds_presentation,REPORTED_CONTINUOUSLY,HOST_MEASURED,,,NOT_APPLICABLE
MODEL-C1,INTRINSIC_COEFFICIENT,GLOBAL,,TOP_K_REDUCTION_K3,128,0,0,1,HOST-STAGE12-001,4900.0,4961.0,5005.0,5315.000000000007,100.0,4800.0,6800.0,199.4411383761326,0.0402018017287104,100,EXP-XAI-LATENCY-001,4.9,5.005,nanoseconds_raw_microseconds_presentation,REPORTED_CONTINUOUSLY,HOST_MEASURED,,,NOT_APPLICABLE
MODEL-C1,INTRINSIC_COEFFICIENT,GLOBAL,,TOP_K_REDUCTION_K5,128,0,0,1,HOST-STAGE12-001,5000.0,4973.0,5100.0,5702.000000000001,100.0,4800.0,5900.0,138.42913805491335,0.0278361427820055,100,EXP-XAI-LATENCY-001,5.0,5.1,nanoseconds_raw_microseconds_presentation,REPORTED_CONTINUOUSLY,HOST_MEASURED,,,NOT_APPLICABLE
MODEL-C1,PERMUTATION_IMPORTANCE_MACRO_F1,GLOBAL,2.0,GLOBAL_EXPLANATION_TOTAL,128,256,641,1,HOST-STAGE12-001,1330028700.0,1344005500.0,1373144730.0,1376977266.0,26941500.0,1324052400.0,1377935400.0,29535700.870810565,0.021975877978781,3,EXP-XAI-LATENCY-001,1330028.7,1373144.73,nanoseconds_raw_microseconds_presentation,REPORTED_CONTINUOUSLY,HOST_MEASURED,1330.0286999999998,5.195424609374999,SECONDARY_DIAGNOSTIC_NOT_LOCAL_EXPLANATION_LATENCY
MODEL-C1,PERMUTATION_IMPORTANCE_MACRO_F1,GLOBAL,6.0,GLOBAL_EXPLANATION_TOTAL,128,256,641,1,HOST-STAGE12-001,1315073600.0,1322220633.3333333,1341278720.0,1343608064.0,18396250.0,1307397900.0,1344190400.0,19409587.27442017,0.014679537427493,3,EXP-XAI-LATENCY-001,1315073.6,1341278.72,nanoseconds_raw_microseconds_presentation,REPORTED_CONTINUOUSLY,HOST_MEASURED,1315.0736000000002,5.137006250000001,SECONDARY_DIAGNOSTIC_NOT_LOCAL_EXPLANATION_LATENCY
MODEL-C1,PERMUTATION_IMPORTANCE_MACRO_F1,GLOBAL,10.0,GLOBAL_EXPLANATION_TOTAL,128,256,641,1,HOST-STAGE12-001,1320504300.0,1320826933.3333333,1334284290.0,1335509178.0,14827150.0,1306161100.0,1335815400.0,14829782.4098445,0.011227649918085,3,EXP-XAI-LATENCY-001,1320504.3,1334284.29,nanoseconds_raw_microseconds_presentation,REPORTED_CONTINUOUSLY,HOST_MEASURED,1320.5043,5.158219921875,SECONDARY_DIAGNOSTIC_NOT_LOCAL_EXPLANATION_LATENCY
MODEL-C2,INTRINSIC_IMPURITY,GLOBAL,,ONE_TIME_GLOBAL_EXTRACTION_COST,128,0,0,1,HOST-STAGE12-001,21772700.0,21782950.0,22408540.0,23322282.0,593600.0,21139300.0,23478900.0,449518.50278207054,0.0206362546295185,100,EXP-XAI-LATENCY-001,21772.7,22408.54,nanoseconds_raw_microseconds_presentation,REPORTED_CONTINUOUSLY,HOST_MEASURED,,,NOT_APPLICABLE
MODEL-C2,INTRINSIC_IMPURITY,GLOBAL,,TOP_K_REDUCTION_K1,128,0,0,1,HOST-STAGE12-001,4800.0,4976.0,5100.0,6196.000000000049,100.0,4700.0,15700.0,1100.3323648476917,0.2211278868263045,100,EXP-XAI-LATENCY-001,4.8,5.1,nanoseconds_raw_microseconds_presentation,REPORTED_CONTINUOUSLY,HOST_MEASURED,,,NOT_APPLICABLE
MODEL-C2,INTRINSIC_IMPURITY,GLOBAL,,TOP_K_REDUCTION_K10,128,0,0,1,HOST-STAGE12-001,5000.0,5058.0,5100.0,9015.000000000007,100.0,4800.0,10500.0,685.6656428153402,0.1355606253094781,100,EXP-XAI-LATENCY-001,5.0,5.1,nanoseconds_raw_microseconds_presentation,REPORTED_CONTINUOUSLY,HOST_MEASURED,,,NOT_APPLICABLE
MODEL-C2,INTRINSIC_IMPURITY,GLOBAL,,TOP_K_REDUCTION_K20,128,0,0,1,HOST-STAGE12-001,4900.0,5233.0,6579.999999999995,10687.000000000044,125.0,4700.0,19300.0,1675.133343101891,0.3201095629852648,100,EXP-XAI-LATENCY-001,4.9,6.579999999999996,nanoseconds_raw_microseconds_presentation,HIGH_VARIANCE_HOST_MEASUREMENT,HOST_MEASURED,,,NOT_APPLICABLE
MODEL-C2,INTRINSIC_IMPURITY,GLOBAL,,TOP_K_REDUCTION_K3,128,0,0,1,HOST-STAGE12-001,4800.0,4824.0,4900.0,5001.000000000001,100.0,4700.0,5100.0,68.34257143762642,0.0141671997175842,100,EXP-XAI-LATENCY-001,4.8,4.9,nanoseconds_raw_microseconds_presentation,REPORTED_CONTINUOUSLY,HOST_MEASURED,,,NOT_APPLICABLE
MODEL-C2,INTRINSIC_IMPURITY,GLOBAL,,TOP_K_REDUCTION_K5,128,0,0,1,HOST-STAGE12-001,4900.0,5461.0,5534.999999999998,20304.000000000004,100.0,4700.0,20700.0,2634.8823598986446,0.4824908185128446,100,EXP-XAI-LATENCY-001,4.9,5.534999999999998,nanoseconds_raw_microseconds_presentation,HIGH_VARIANCE_HOST_MEASUREMENT,HOST_MEASURED,,,NOT_APPLICABLE
MODEL-C2,PERMUTATION_IMPORTANCE_MACRO_F1,GLOBAL,2.0,GLOBAL_EXPLANATION_TOTAL,128,256,641,1,HOST-STAGE12-001,9463815500.0,9456034966.666666,9467436020.0,9467757844.0,15693600.0,9436451100.0,9467838300.0,17078981.385707207,0.0018061461749995,3,EXP-XAI-LATENCY-001,9463815.5,9467436.02,nanoseconds_raw_microseconds_presentation,REPORTED_CONTINUOUSLY,HOST_MEASURED,9463.8155,36.968029296875,SECONDARY_DIAGNOSTIC_NOT_LOCAL_EXPLANATION_LATENCY
MODEL-C2,PERMUTATION_IMPORTANCE_MACRO_F1,GLOBAL,6.0,GLOBAL_EXPLANATION_TOTAL,128,256,641,1,HOST-STAGE12-001,9359869200.0,9340088233.333334,9360621240.0,9360688088.0,30507050.0,9299690700.0,9360704800.0,34987784.74558419,0.0037459801097722,3,EXP-XAI-LATENCY-001,9359869.2,9360621.24,nanoseconds_raw_microseconds_presentation,REPORTED_CONTINUOUSLY,HOST_MEASURED,9359.8692,36.5619890625,SECONDARY_DIAGNOSTIC_NOT_LOCAL_EXPLANATION_LATENCY
MODEL-C2,PERMUTATION_IMPORTANCE_MACRO_F1,GLOBAL,10.0,GLOBAL_EXPLANATION_TOTAL,128,256,641,1,HOST-STAGE12-001,9677474500.0,9664188800.0,9773391100.0,9781917020.0,126502550.0,9531043400.0,9784048500.0,127024712.26052828,0.0131438566536001,3,EXP-XAI-LATENCY-001,9677474.5,9773391.1,nanoseconds_raw_microseconds_presentation,REPORTED_CONTINUOUSLY,HOST_MEASURED,9677.4745,37.802634765625,SECONDARY_DIAGNOSTIC_NOT_LOCAL_EXPLANATION_LATENCY
MODEL-C3,PERMUTATION_IMPORTANCE_MACRO_F1,GLOBAL,2.0,GLOBAL_EXPLANATION_TOTAL,128,256,641,1,HOST-STAGE12-001,3319257500.0,3307693266.6666665,3335536070.0,3336983054.0,35433650.0,3266477500.0,3337344800.0,36821762.203394525,0.0111321574386798,3,EXP-XAI-LATENCY-001,3319257.5,3335536.07,nanoseconds_raw_microseconds_presentation,REPORTED_CONTINUOUSLY,HOST_MEASURED,3319.2575,12.965849609375,SECONDARY_DIAGNOSTIC_NOT_LOCAL_EXPLANATION_LATENCY
MODEL-C3,PERMUTATION_IMPORTANCE_MACRO_F1,GLOBAL,6.0,GLOBAL_EXPLANATION_TOTAL,128,256,641,1,HOST-STAGE12-001,3329822600.0,3316983166.6666665,3349876940.0,3351659548.0,41541750.0,3269021700.0,3352105200.0,43004130.95626202,0.0129648324382297,3,EXP-XAI-LATENCY-001,3329822.6,3349876.94,nanoseconds_raw_microseconds_presentation,REPORTED_CONTINUOUSLY,HOST_MEASURED,3329.8226,13.00711953125,SECONDARY_DIAGNOSTIC_NOT_LOCAL_EXPLANATION_LATENCY
MODEL-C3,PERMUTATION_IMPORTANCE_MACRO_F1,GLOBAL,10.0,GLOBAL_EXPLANATION_TOTAL,128,256,641,1,HOST-STAGE12-001,3261422600.0,3261273666.6666665,3283771310.0,3285757862.0,25055300.0,3236143900.0,3286254500.0,25055631.980521534,0.0076827750570625,3,EXP-XAI-LATENCY-001,3261422.6,3283771.31,nanoseconds_raw_microseconds_presentation,REPORTED_CONTINUOUSLY,HOST_MEASURED,3261.4226,12.73993203125,SECONDARY_DIAGNOSTIC_NOT_LOCAL_EXPLANATION_LATENCY
MODEL-C4,PERMUTATION_IMPORTANCE_MACRO_F1,GLOBAL,2.0,GLOBAL_EXPLANATION_TOTAL,128,256,641,1,HOST-STAGE12-001,1448625800.0,1448774133.3333333,1455475610.0,1456084482.0,7388400.0,1441459900.0,1456236700.0,7389516.6718354,0.0051005305118428,3,EXP-XAI-LATENCY-001,1448625.8,1455475.61,nanoseconds_raw_microseconds_presentation,REPORTED_CONTINUOUSLY,HOST_MEASURED,1448.6258,5.65869453125,SECONDARY_DIAGNOSTIC_NOT_LOCAL_EXPLANATION_LATENCY
MODEL-C4,PERMUTATION_IMPORTANCE_MACRO_F1,GLOBAL,6.0,GLOBAL_EXPLANATION_TOTAL,128,256,641,1,HOST-STAGE12-001,1444864400.0,1449874800.0,1462304600.0,1463854840.0,11862400.0,1440517600.0,1464242400.0,12631097.136828614,0.0087118536971803,3,EXP-XAI-LATENCY-001,1444864.4,1462304.6,nanoseconds_raw_microseconds_presentation,REPORTED_CONTINUOUSLY,HOST_MEASURED,1444.8644,5.6440015625,SECONDARY_DIAGNOSTIC_NOT_LOCAL_EXPLANATION_LATENCY
MODEL-C4,PERMUTATION_IMPORTANCE_MACRO_F1,GLOBAL,10.0,GLOBAL_EXPLANATION_TOTAL,128,256,641,1,HOST-STAGE12-001,1468170900.0,1467746933.3333333,1475774370.0,1476450234.0,9084250.0,1458450700.0,1476619200.0,9091667.001344329,0.0061943014799538,3,EXP-XAI-LATENCY-001,1468170.9,1475774.37,nanoseconds_raw_microseconds_presentation,REPORTED_CONTINUOUSLY,HOST_MEASURED,1468.1708999999998,5.735042578124999,SECONDARY_DIAGNOSTIC_NOT_LOCAL_EXPLANATION_LATENCY
