experiment_id,model_id,method,comparison_type,anchor_batch,batch_a,batch_b,n_features,spearman,kendall_tau_b,jaccard_at_5,jaccard_at_10,jaccard_at_20,unit,status
EXP-XAI-STABILITY-001,MODEL-C1,PERMUTATION_IMPORTANCE_MACRO_F1,ADJACENT,2,2,3,128,0.5653467091352806,0.3881810677545684,0.0,0.0,0.1111111111111111,correlation_or_proportion,EXECUTED
EXP-XAI-STABILITY-001,MODEL-C1,PERMUTATION_IMPORTANCE_MACRO_F1,ADJACENT,2,3,4,128,0.7320702236660841,0.5548468551606286,0.0,0.0,0.17647058823529413,correlation_or_proportion,EXECUTED
EXP-XAI-STABILITY-001,MODEL-C1,PERMUTATION_IMPORTANCE_MACRO_F1,ADJACENT,2,4,5,128,0.5833650786351294,0.4184110174904707,0.0,0.0,0.14285714285714285,correlation_or_proportion,EXECUTED
EXP-XAI-STABILITY-001,MODEL-C1,PERMUTATION_IMPORTANCE_MACRO_F1,ADJACENT,2,5,6,128,0.6516004062207781,0.48333681792521177,0.25,0.5384615384615384,0.2903225806451613,correlation_or_proportion,EXECUTED
EXP-XAI-STABILITY-001,MODEL-C1,PERMUTATION_IMPORTANCE_MACRO_F1,ADJACENT,2,6,7,128,0.8168213148384993,0.6346745416512858,0.42857142857142855,0.25,0.3793103448275862,correlation_or_proportion,EXECUTED
EXP-XAI-STABILITY-001,MODEL-C1,PERMUTATION_IMPORTANCE_MACRO_F1,ADJACENT,2,7,8,128,-0.001909714207946019,-0.001609940502251534,0.25,0.25,0.25,correlation_or_proportion,EXECUTED
EXP-XAI-STABILITY-001,MODEL-C1,PERMUTATION_IMPORTANCE_MACRO_F1,ADJACENT,2,8,9,128,0.1501858748952077,0.08140514459401003,0.0,0.0,0.05263157894736842,correlation_or_proportion,EXECUTED
EXP-XAI-STABILITY-001,MODEL-C1,PERMUTATION_IMPORTANCE_MACRO_F1,ADJACENT,2,9,10,128,-0.13276437002354857,-0.09037030630311539,0.0,0.0,0.05263157894736842,correlation_or_proportion,EXECUTED
EXP-XAI-STABILITY-001,MODEL-C1,PERMUTATION_IMPORTANCE_MACRO_F1,ANCHOR_TO_FUTURE,2,2,3,128,0.5653467091352806,0.3881810677545684,0.0,0.0,0.1111111111111111,correlation_or_proportion,EXECUTED
EXP-XAI-STABILITY-001,MODEL-C1,PERMUTATION_IMPORTANCE_MACRO_F1,ANCHOR_TO_FUTURE,2,2,4,128,0.4593947776401143,0.33372799992943486,0.0,0.1111111111111111,0.14285714285714285,correlation_or_proportion,EXECUTED
EXP-XAI-STABILITY-001,MODEL-C1,PERMUTATION_IMPORTANCE_MACRO_F1,ANCHOR_TO_FUTURE,2,2,5,128,0.4085724916723432,0.2821241964779594,0.0,0.1111111111111111,0.25,correlation_or_proportion,EXECUTED
EXP-XAI-STABILITY-001,MODEL-C1,PERMUTATION_IMPORTANCE_MACRO_F1,ANCHOR_TO_FUTURE,2,2,6,128,0.5654793156583617,0.4024607820596493,0.0,0.05263157894736842,0.1111111111111111,correlation_or_proportion,EXECUTED
EXP-XAI-STABILITY-001,MODEL-C1,PERMUTATION_IMPORTANCE_MACRO_F1,ANCHOR_TO_FUTURE,2,2,7,128,0.7368767408631488,0.5422331600540736,0.25,0.42857142857142855,0.3793103448275862,correlation_or_proportion,EXECUTED
EXP-XAI-STABILITY-001,MODEL-C1,PERMUTATION_IMPORTANCE_MACRO_F1,ANCHOR_TO_FUTURE,2,2,8,128,-0.100229789560951,-0.06278381703792535,0.1111111111111111,0.05263157894736842,0.1111111111111111,correlation_or_proportion,EXECUTED
EXP-XAI-STABILITY-001,MODEL-C1,PERMUTATION_IMPORTANCE_MACRO_F1,ANCHOR_TO_FUTURE,2,2,9,128,-0.33610566461363967,-0.23744354989446007,0.0,0.05263157894736842,0.05263157894736842,correlation_or_proportion,EXECUTED
EXP-XAI-STABILITY-001,MODEL-C1,PERMUTATION_IMPORTANCE_MACRO_F1,ANCHOR_TO_FUTURE,2,2,10,128,0.24688129463468228,0.18282480314960634,0.0,0.0,0.25,correlation_or_proportion,EXECUTED
EXP-XAI-STABILITY-001,MODEL-C2,PERMUTATION_IMPORTANCE_MACRO_F1,ADJACENT,2,2,3,128,0.1559327312053295,0.11148868659208166,0.0,0.1111111111111111,0.1111111111111111,correlation_or_proportion,EXECUTED
EXP-XAI-STABILITY-001,MODEL-C2,PERMUTATION_IMPORTANCE_MACRO_F1,ADJACENT,2,3,4,128,0.19254914749602084,0.13699448239582038,0.0,0.05263157894736842,0.1111111111111111,correlation_or_proportion,EXECUTED
EXP-XAI-STABILITY-001,MODEL-C2,PERMUTATION_IMPORTANCE_MACRO_F1,ADJACENT,2,4,5,128,-0.0640694969799374,-0.05685378680314667,0.1111111111111111,0.25,0.14285714285714285,correlation_or_proportion,EXECUTED
EXP-XAI-STABILITY-001,MODEL-C2,PERMUTATION_IMPORTANCE_MACRO_F1,ADJACENT,2,5,6,128,0.19621703085773806,0.15968796575464256,0.1111111111111111,0.25,0.2903225806451613,correlation_or_proportion,EXECUTED
EXP-XAI-STABILITY-001,MODEL-C2,PERMUTATION_IMPORTANCE_MACRO_F1,ADJACENT,2,6,7,128,0.015309178947717656,0.0134917912485785,0.1111111111111111,0.42857142857142855,0.25,correlation_or_proportion,EXECUTED
EXP-XAI-STABILITY-001,MODEL-C2,PERMUTATION_IMPORTANCE_MACRO_F1,ADJACENT,2,7,8,128,-0.06754745510228126,-0.047398166948727026,0.0,0.05263157894736842,0.1111111111111111,correlation_or_proportion,EXECUTED
EXP-XAI-STABILITY-001,MODEL-C2,PERMUTATION_IMPORTANCE_MACRO_F1,ADJACENT,2,8,9,128,0.5155061346976668,0.39150639283183913,0.25,0.25,0.48148148148148145,correlation_or_proportion,EXECUTED
EXP-XAI-STABILITY-001,MODEL-C2,PERMUTATION_IMPORTANCE_MACRO_F1,ADJACENT,2,9,10,128,-0.19718975670258193,-0.13157394756715132,0.0,0.0,0.08108108108108109,correlation_or_proportion,EXECUTED
EXP-XAI-STABILITY-001,MODEL-C2,PERMUTATION_IMPORTANCE_MACRO_F1,ANCHOR_TO_FUTURE,2,2,3,128,0.1559327312053295,0.11148868659208166,0.0,0.1111111111111111,0.1111111111111111,correlation_or_proportion,EXECUTED
EXP-XAI-STABILITY-001,MODEL-C2,PERMUTATION_IMPORTANCE_MACRO_F1,ANCHOR_TO_FUTURE,2,2,4,128,0.3431154887220522,0.24718446409830805,0.25,0.25,0.2903225806451613,correlation_or_proportion,EXECUTED
EXP-XAI-STABILITY-001,MODEL-C2,PERMUTATION_IMPORTANCE_MACRO_F1,ANCHOR_TO_FUTURE,2,2,5,128,0.005052058942309147,0.001997858998385122,0.1111111111111111,0.25,0.17647058823529413,correlation_or_proportion,EXECUTED
EXP-XAI-STABILITY-001,MODEL-C2,PERMUTATION_IMPORTANCE_MACRO_F1,ANCHOR_TO_FUTURE,2,2,6,128,0.04064828945667624,0.027559297377504743,0.0,0.1111111111111111,0.08108108108108109,correlation_or_proportion,EXECUTED
EXP-XAI-STABILITY-001,MODEL-C2,PERMUTATION_IMPORTANCE_MACRO_F1,ANCHOR_TO_FUTURE,2,2,7,128,-0.22228328249212018,-0.15257426896740262,0.0,0.0,0.1111111111111111,correlation_or_proportion,EXECUTED
EXP-XAI-STABILITY-001,MODEL-C2,PERMUTATION_IMPORTANCE_MACRO_F1,ANCHOR_TO_FUTURE,2,2,8,128,0.20100048417010205,0.13953031895116114,0.0,0.05263157894736842,0.17647058823529413,correlation_or_proportion,EXECUTED
EXP-XAI-STABILITY-001,MODEL-C2,PERMUTATION_IMPORTANCE_MACRO_F1,ANCHOR_TO_FUTURE,2,2,9,128,0.21402321677705496,0.14966052889622516,0.0,0.05263157894736842,0.14285714285714285,correlation_or_proportion,EXECUTED
EXP-XAI-STABILITY-001,MODEL-C2,PERMUTATION_IMPORTANCE_MACRO_F1,ANCHOR_TO_FUTURE,2,2,10,128,0.06858804588978257,0.04639704452888187,0.25,0.25,0.17647058823529413,correlation_or_proportion,EXECUTED
EXP-XAI-STABILITY-001,MODEL-C3,PERMUTATION_IMPORTANCE_MACRO_F1,ADJACENT,2,2,3,128,0.5594728529573338,0.4121555118110237,0.1111111111111111,0.3333333333333333,0.21212121212121213,correlation_or_proportion,EXECUTED
EXP-XAI-STABILITY-001,MODEL-C3,PERMUTATION_IMPORTANCE_MACRO_F1,ADJACENT,2,3,4,128,0.03800090210414865,0.02530282541574018,0.0,0.0,0.0,correlation_or_proportion,EXECUTED
EXP-XAI-STABILITY-001,MODEL-C3,PERMUTATION_IMPORTANCE_MACRO_F1,ADJACENT,2,4,5,128,0.4450933178644661,0.2838691417413881,0.0,0.1111111111111111,0.1111111111111111,correlation_or_proportion,EXECUTED
EXP-XAI-STABILITY-001,MODEL-C3,PERMUTATION_IMPORTANCE_MACRO_F1,ADJACENT,2,5,6,128,-0.26019562272518204,-0.19046802019406747,0.1111111111111111,0.25,0.17647058823529413,correlation_or_proportion,EXECUTED
EXP-XAI-STABILITY-001,MODEL-C3,PERMUTATION_IMPORTANCE_MACRO_F1,ADJACENT,2,6,7,128,-0.06598493865592382,-0.0218996062992126,0.25,0.3333333333333333,0.21212121212121213,correlation_or_proportion,EXECUTED
EXP-XAI-STABILITY-001,MODEL-C3,PERMUTATION_IMPORTANCE_MACRO_F1,ADJACENT,2,7,8,128,0.27560568356332804,0.21039157264524225,0.1111111111111111,0.25,0.2903225806451613,correlation_or_proportion,EXECUTED
EXP-XAI-STABILITY-001,MODEL-C3,PERMUTATION_IMPORTANCE_MACRO_F1,ADJACENT,2,8,9,128,0.2964483107086492,0.21128322202205588,0.25,0.5384615384615384,0.3333333333333333,correlation_or_proportion,EXECUTED
EXP-XAI-STABILITY-001,MODEL-C3,PERMUTATION_IMPORTANCE_MACRO_F1,ADJACENT,2,9,10,128,0.11147487187729584,0.05754392277601465,0.0,0.1111111111111111,0.25,correlation_or_proportion,EXECUTED
EXP-XAI-STABILITY-001,MODEL-C3,PERMUTATION_IMPORTANCE_MACRO_F1,ANCHOR_TO_FUTURE,2,2,3,128,0.5594728529573338,0.4121555118110237,0.1111111111111111,0.3333333333333333,0.21212121212121213,correlation_or_proportion,EXECUTED
EXP-XAI-STABILITY-001,MODEL-C3,PERMUTATION_IMPORTANCE_MACRO_F1,ANCHOR_TO_FUTURE,2,2,4,128,0.029794793888416445,0.01483269076095114,0.0,0.0,0.02564102564102564,correlation_or_proportion,EXECUTED
EXP-XAI-STABILITY-001,MODEL-C3,PERMUTATION_IMPORTANCE_MACRO_F1,ANCHOR_TO_FUTURE,2,2,5,128,0.2398332598035725,0.17645197665810455,0.1111111111111111,0.1111111111111111,0.25,correlation_or_proportion,EXECUTED
EXP-XAI-STABILITY-001,MODEL-C3,PERMUTATION_IMPORTANCE_MACRO_F1,ANCHOR_TO_FUTURE,2,2,6,128,0.05784769273026917,0.03740157480314961,0.25,0.3333333333333333,0.2903225806451613,correlation_or_proportion,EXECUTED
EXP-XAI-STABILITY-001,MODEL-C3,PERMUTATION_IMPORTANCE_MACRO_F1,ANCHOR_TO_FUTURE,2,2,7,128,0.2757221662699139,0.1813484251968504,0.1111111111111111,0.17647058823529413,0.2903225806451613,correlation_or_proportion,EXECUTED
EXP-XAI-STABILITY-001,MODEL-C3,PERMUTATION_IMPORTANCE_MACRO_F1,ANCHOR_TO_FUTURE,2,2,8,128,-0.22222064113766235,-0.1530682081664446,0.0,0.05263157894736842,0.1111111111111111,correlation_or_proportion,EXECUTED
EXP-XAI-STABILITY-001,MODEL-C3,PERMUTATION_IMPORTANCE_MACRO_F1,ANCHOR_TO_FUTURE,2,2,9,128,-0.5517357981507387,-0.40555956008660765,0.0,0.0,0.02564102564102564,correlation_or_proportion,EXECUTED
EXP-XAI-STABILITY-001,MODEL-C3,PERMUTATION_IMPORTANCE_MACRO_F1,ANCHOR_TO_FUTURE,2,2,10,128,-0.18059306903497527,-0.12475393700787403,0.0,0.05263157894736842,0.02564102564102564,correlation_or_proportion,EXECUTED
EXP-XAI-STABILITY-001,MODEL-C4,PERMUTATION_IMPORTANCE_MACRO_F1,ADJACENT,2,2,3,128,0.17151735030214246,0.10605314960629923,0.0,0.0,0.25,correlation_or_proportion,EXECUTED
EXP-XAI-STABILITY-001,MODEL-C4,PERMUTATION_IMPORTANCE_MACRO_F1,ADJACENT,2,3,4,128,-0.02260700590973799,-0.005892637342230265,0.0,0.0,0.1111111111111111,correlation_or_proportion,EXECUTED
EXP-XAI-STABILITY-001,MODEL-C4,PERMUTATION_IMPORTANCE_MACRO_F1,ADJACENT,2,4,5,128,0.18046876400028303,0.14979032336478326,0.0,0.1111111111111111,0.25,correlation_or_proportion,EXECUTED
EXP-XAI-STABILITY-001,MODEL-C4,PERMUTATION_IMPORTANCE_MACRO_F1,ADJACENT,2,5,6,128,-0.17584915431699857,-0.13602162124013534,0.1111111111111111,0.05263157894736842,0.05263157894736842,correlation_or_proportion,EXECUTED
EXP-XAI-STABILITY-001,MODEL-C4,PERMUTATION_IMPORTANCE_MACRO_F1,ADJACENT,2,6,7,128,0.0837873100164805,0.06865157480314961,0.25,0.17647058823529413,0.17647058823529413,correlation_or_proportion,EXECUTED
EXP-XAI-STABILITY-001,MODEL-C4,PERMUTATION_IMPORTANCE_MACRO_F1,ADJACENT,2,7,8,128,0.19544472609966712,0.14607719284110685,0.42857142857142855,0.25,0.17647058823529413,correlation_or_proportion,EXECUTED
EXP-XAI-STABILITY-001,MODEL-C4,PERMUTATION_IMPORTANCE_MACRO_F1,ADJACENT,2,8,9,128,0.06983203518982627,0.04748380772192154,0.0,0.0,0.05263157894736842,correlation_or_proportion,EXECUTED
EXP-XAI-STABILITY-001,MODEL-C4,PERMUTATION_IMPORTANCE_MACRO_F1,ADJACENT,2,9,10,128,0.04785425747954351,0.03186783786625579,0.0,0.0,0.08108108108108109,correlation_or_proportion,EXECUTED
EXP-XAI-STABILITY-001,MODEL-C4,PERMUTATION_IMPORTANCE_MACRO_F1,ANCHOR_TO_FUTURE,2,2,3,128,0.17151735030214246,0.10605314960629923,0.0,0.0,0.25,correlation_or_proportion,EXECUTED
EXP-XAI-STABILITY-001,MODEL-C4,PERMUTATION_IMPORTANCE_MACRO_F1,ANCHOR_TO_FUTURE,2,2,4,128,-0.14939877519251527,-0.10515083968468672,0.0,0.05263157894736842,0.14285714285714285,correlation_or_proportion,EXECUTED
EXP-XAI-STABILITY-001,MODEL-C4,PERMUTATION_IMPORTANCE_MACRO_F1,ANCHOR_TO_FUTURE,2,2,5,128,0.25554501515037675,0.197523146355312,0.1111111111111111,0.17647058823529413,0.17647058823529413,correlation_or_proportion,EXECUTED
EXP-XAI-STABILITY-001,MODEL-C4,PERMUTATION_IMPORTANCE_MACRO_F1,ANCHOR_TO_FUTURE,2,2,6,128,-0.09173571690166636,-0.06373031496062993,0.25,0.1111111111111111,0.08108108108108109,correlation_or_proportion,EXECUTED
EXP-XAI-STABILITY-001,MODEL-C4,PERMUTATION_IMPORTANCE_MACRO_F1,ANCHOR_TO_FUTURE,2,2,7,128,0.3873317615821278,0.26525590551181105,0.1111111111111111,0.1111111111111111,0.17647058823529413,correlation_or_proportion,EXECUTED
EXP-XAI-STABILITY-001,MODEL-C4,PERMUTATION_IMPORTANCE_MACRO_F1,ANCHOR_TO_FUTURE,2,2,8,128,0.20162811023115648,0.14016513107350723,0.1111111111111111,0.17647058823529413,0.14285714285714285,correlation_or_proportion,EXECUTED
EXP-XAI-STABILITY-001,MODEL-C4,PERMUTATION_IMPORTANCE_MACRO_F1,ANCHOR_TO_FUTURE,2,2,9,128,-0.24429080465756203,-0.16773846442781148,0.0,0.05263157894736842,0.05263157894736842,correlation_or_proportion,EXECUTED
EXP-XAI-STABILITY-001,MODEL-C4,PERMUTATION_IMPORTANCE_MACRO_F1,ANCHOR_TO_FUTURE,2,2,10,128,-0.13283968137703714,-0.09227362204724411,0.0,0.05263157894736842,0.08108108108108109,correlation_or_proportion,EXECUTED
