experiment_id,model_id,method,batch,sensor_k,selected_sensors,features_altered,macro_f1_damage,random_damage_mean,selected_minus_random,unit
EXP-XAI-FIDELITY-001,MODEL-C1,INTRINSIC_COEFFICIENT,2,1,[9],8,0.2248150920070376,0.08925487744398,0.13556021456305758,macro_f1_proportion
EXP-XAI-FIDELITY-001,MODEL-C1,INTRINSIC_COEFFICIENT,2,2,"[9, 2]",16,0.3432663157677482,0.16370437300746218,0.179561942760286,macro_f1_proportion
EXP-XAI-FIDELITY-001,MODEL-C1,INTRINSIC_COEFFICIENT,2,3,"[9, 2, 10]",24,0.427909097727166,0.21440220333815554,0.21350689438901047,macro_f1_proportion
EXP-XAI-FIDELITY-001,MODEL-C1,INTRINSIC_COEFFICIENT,3,1,[9],8,-0.018330746168765122,-0.019300767944936174,0.0009700217761710525,macro_f1_proportion
EXP-XAI-FIDELITY-001,MODEL-C1,INTRINSIC_COEFFICIENT,3,2,"[9, 2]",16,0.04112179774118613,0.0014037847383350159,0.03971801300285111,macro_f1_proportion
EXP-XAI-FIDELITY-001,MODEL-C1,INTRINSIC_COEFFICIENT,3,3,"[9, 2, 10]",24,0.04165888732197298,-0.0005697261618934449,0.042228613483866424,macro_f1_proportion
EXP-XAI-FIDELITY-001,MODEL-C1,INTRINSIC_COEFFICIENT,4,1,[9],8,-0.0057898273664696576,-0.013379428894493143,0.007589601528023486,macro_f1_proportion
EXP-XAI-FIDELITY-001,MODEL-C1,INTRINSIC_COEFFICIENT,4,2,"[9, 2]",16,-0.06448496593984537,-0.006015001375858332,-0.058469964563987044,macro_f1_proportion
EXP-XAI-FIDELITY-001,MODEL-C1,INTRINSIC_COEFFICIENT,4,3,"[9, 2, 10]",24,-0.06152316069980296,-0.02509449503965313,-0.03642866566014983,macro_f1_proportion
EXP-XAI-FIDELITY-001,MODEL-C1,INTRINSIC_COEFFICIENT,5,1,[9],8,-0.04553986290634543,0.0006872554255331213,-0.04622711833187855,macro_f1_proportion
EXP-XAI-FIDELITY-001,MODEL-C1,INTRINSIC_COEFFICIENT,5,2,"[9, 2]",16,-0.00974761622008291,-0.006371721997371692,-0.003375894222711219,macro_f1_proportion
EXP-XAI-FIDELITY-001,MODEL-C1,INTRINSIC_COEFFICIENT,5,3,"[9, 2, 10]",24,0.039812489933444606,0.018913616724361027,0.02089887320908358,macro_f1_proportion
EXP-XAI-FIDELITY-001,MODEL-C1,INTRINSIC_COEFFICIENT,6,1,[9],8,0.0049478680574851774,0.006255844101447213,-0.0013079760439620352,macro_f1_proportion
EXP-XAI-FIDELITY-001,MODEL-C1,INTRINSIC_COEFFICIENT,6,2,"[9, 2]",16,-0.08321970076273638,0.010600310058196238,-0.09382001082093262,macro_f1_proportion
EXP-XAI-FIDELITY-001,MODEL-C1,INTRINSIC_COEFFICIENT,6,3,"[9, 2, 10]",24,-0.09461330047639444,-3.9567979943933015e-05,-0.0945737324964505,macro_f1_proportion
EXP-XAI-FIDELITY-001,MODEL-C1,INTRINSIC_COEFFICIENT,7,1,[9],8,-0.007735481073805062,0.03413576644587147,-0.04187124751967653,macro_f1_proportion
EXP-XAI-FIDELITY-001,MODEL-C1,INTRINSIC_COEFFICIENT,7,2,"[9, 2]",16,0.026708534641691095,0.023865551035530796,0.0028429836061602994,macro_f1_proportion
EXP-XAI-FIDELITY-001,MODEL-C1,INTRINSIC_COEFFICIENT,7,3,"[9, 2, 10]",24,0.024851399526885087,0.04667821601756392,-0.02182681649067883,macro_f1_proportion
EXP-XAI-FIDELITY-001,MODEL-C1,INTRINSIC_COEFFICIENT,8,1,[9],8,0.0031400724897733823,0.08281663311472079,-0.0796765606249474,macro_f1_proportion
EXP-XAI-FIDELITY-001,MODEL-C1,INTRINSIC_COEFFICIENT,8,2,"[9, 2]",16,0.15450440418284564,0.10682713793874865,0.04767726624409699,macro_f1_proportion
EXP-XAI-FIDELITY-001,MODEL-C1,INTRINSIC_COEFFICIENT,8,3,"[9, 2, 10]",24,0.1706036018689125,0.12300024365502976,0.04760335821388273,macro_f1_proportion
EXP-XAI-FIDELITY-001,MODEL-C1,INTRINSIC_COEFFICIENT,9,1,[9],8,-0.00011563645858092553,-0.06471841578618488,0.06460277932760396,macro_f1_proportion
EXP-XAI-FIDELITY-001,MODEL-C1,INTRINSIC_COEFFICIENT,9,2,"[9, 2]",16,-0.0033449165136812398,-0.06845739970012503,0.06511248318644379,macro_f1_proportion
EXP-XAI-FIDELITY-001,MODEL-C1,INTRINSIC_COEFFICIENT,9,3,"[9, 2, 10]",24,-0.031579728126011425,-0.02895293325496959,-0.002626794871041834,macro_f1_proportion
EXP-XAI-FIDELITY-001,MODEL-C1,INTRINSIC_COEFFICIENT,10,1,[9],8,-0.050713376226915075,0.0027035603126955494,-0.053416936539610625,macro_f1_proportion
EXP-XAI-FIDELITY-001,MODEL-C1,INTRINSIC_COEFFICIENT,10,2,"[9, 2]",16,-0.03406438668287126,0.021112660565983467,-0.05517704724885473,macro_f1_proportion
EXP-XAI-FIDELITY-001,MODEL-C1,INTRINSIC_COEFFICIENT,10,3,"[9, 2, 10]",24,-0.019869794538153296,0.03683269982386895,-0.056702494362022245,macro_f1_proportion
EXP-XAI-FIDELITY-001,MODEL-C2,INTRINSIC_IMPURITY,2,1,[1],8,0.25249671434268295,0.02855613754498543,0.22394057679769752,macro_f1_proportion
EXP-XAI-FIDELITY-001,MODEL-C2,INTRINSIC_IMPURITY,2,2,"[1, 2]",16,0.4737898745487681,0.0814767799454862,0.3923130946032819,macro_f1_proportion
EXP-XAI-FIDELITY-001,MODEL-C2,INTRINSIC_IMPURITY,2,3,"[1, 2, 10]",24,0.5951723607248178,0.1288289402296062,0.4663434204952116,macro_f1_proportion
EXP-XAI-FIDELITY-001,MODEL-C2,INTRINSIC_IMPURITY,3,1,[1],8,0.3826030733332727,0.10607127179713341,0.2765318015361393,macro_f1_proportion
EXP-XAI-FIDELITY-001,MODEL-C2,INTRINSIC_IMPURITY,3,2,"[1, 2]",16,0.4118169761686059,0.13691764804999904,0.27489932811860684,macro_f1_proportion
EXP-XAI-FIDELITY-001,MODEL-C2,INTRINSIC_IMPURITY,3,3,"[1, 2, 10]",24,0.5581616479238896,0.1829160218544781,0.3752456260694115,macro_f1_proportion
EXP-XAI-FIDELITY-001,MODEL-C2,INTRINSIC_IMPURITY,4,1,[1],8,0.20347396108577304,0.060797821978151825,0.14267613910762122,macro_f1_proportion
EXP-XAI-FIDELITY-001,MODEL-C2,INTRINSIC_IMPURITY,4,2,"[1, 2]",16,0.2832805851148464,0.10361331709941952,0.17966726801542687,macro_f1_proportion
EXP-XAI-FIDELITY-001,MODEL-C2,INTRINSIC_IMPURITY,4,3,"[1, 2, 10]",24,0.41120709180685555,0.14387174495001445,0.2673353468568411,macro_f1_proportion
EXP-XAI-FIDELITY-001,MODEL-C2,INTRINSIC_IMPURITY,5,1,[1],8,0.19012411012411007,0.03809283475198397,0.1520312753721261,macro_f1_proportion
EXP-XAI-FIDELITY-001,MODEL-C2,INTRINSIC_IMPURITY,5,2,"[1, 2]",16,0.26369509198777485,0.06524789319076708,0.19844719879700778,macro_f1_proportion
EXP-XAI-FIDELITY-001,MODEL-C2,INTRINSIC_IMPURITY,5,3,"[1, 2, 10]",24,0.40188479388479387,0.13135801916617976,0.2705267747186141,macro_f1_proportion
EXP-XAI-FIDELITY-001,MODEL-C2,INTRINSIC_IMPURITY,6,1,[1],8,0.16363032754769521,0.005218633744641967,0.15841169380305326,macro_f1_proportion
EXP-XAI-FIDELITY-001,MODEL-C2,INTRINSIC_IMPURITY,6,2,"[1, 2]",16,0.28411164554951335,0.04767125032904416,0.2364403952204692,macro_f1_proportion
EXP-XAI-FIDELITY-001,MODEL-C2,INTRINSIC_IMPURITY,6,3,"[1, 2, 10]",24,0.2880431605036647,0.08236728390860576,0.20567587659505893,macro_f1_proportion
EXP-XAI-FIDELITY-001,MODEL-C2,INTRINSIC_IMPURITY,7,1,[1],8,0.14177552623496065,0.020183244322274488,0.12159228191268616,macro_f1_proportion
EXP-XAI-FIDELITY-001,MODEL-C2,INTRINSIC_IMPURITY,7,2,"[1, 2]",16,0.18599484098050187,0.028176332511454346,0.15781850846904752,macro_f1_proportion
EXP-XAI-FIDELITY-001,MODEL-C2,INTRINSIC_IMPURITY,7,3,"[1, 2, 10]",24,0.22772937944843397,0.06951944095510171,0.15820993849333226,macro_f1_proportion
EXP-XAI-FIDELITY-001,MODEL-C2,INTRINSIC_IMPURITY,8,1,[1],8,0.14688016337139143,-0.008123140864499967,0.1550033042358914,macro_f1_proportion
EXP-XAI-FIDELITY-001,MODEL-C2,INTRINSIC_IMPURITY,8,2,"[1, 2]",16,0.14688016337139143,0.001896459225318997,0.14498370414607242,macro_f1_proportion
EXP-XAI-FIDELITY-001,MODEL-C2,INTRINSIC_IMPURITY,8,3,"[1, 2, 10]",24,0.14688016337139143,0.02605346289550599,0.12082670047588544,macro_f1_proportion
EXP-XAI-FIDELITY-001,MODEL-C2,INTRINSIC_IMPURITY,9,1,[1],8,0.2786451387755507,0.07427105478055333,0.20437408399499735,macro_f1_proportion
EXP-XAI-FIDELITY-001,MODEL-C2,INTRINSIC_IMPURITY,9,2,"[1, 2]",16,0.2885714478317758,0.10484419423250452,0.18372725359927128,macro_f1_proportion
EXP-XAI-FIDELITY-001,MODEL-C2,INTRINSIC_IMPURITY,9,3,"[1, 2, 10]",24,0.2885714478317758,0.14336505532111493,0.14520639251066086,macro_f1_proportion
EXP-XAI-FIDELITY-001,MODEL-C2,INTRINSIC_IMPURITY,10,1,[1],8,0.1264285429537548,0.01766925339679051,0.10875928955696429,macro_f1_proportion
EXP-XAI-FIDELITY-001,MODEL-C2,INTRINSIC_IMPURITY,10,2,"[1, 2]",16,0.167405933104547,0.025080155758687956,0.14232577734585902,macro_f1_proportion
EXP-XAI-FIDELITY-001,MODEL-C2,INTRINSIC_IMPURITY,10,3,"[1, 2, 10]",24,0.13877005197453413,0.05581180355109361,0.08295824842344052,macro_f1_proportion
EXP-XAI-FIDELITY-001,MODEL-C1,PERMUTATION_IMPORTANCE_MACRO_F1,2,1,[2],8,0.24864228509953895,0.08297280025327215,0.1656694848462668,macro_f1_proportion
EXP-XAI-FIDELITY-001,MODEL-C1,PERMUTATION_IMPORTANCE_MACRO_F1,2,2,"[2, 7]",16,0.35761927951252886,0.16936873932925503,0.18825054018327383,macro_f1_proportion
EXP-XAI-FIDELITY-001,MODEL-C1,PERMUTATION_IMPORTANCE_MACRO_F1,2,3,"[2, 7, 16]",24,0.3666270930985969,0.23914628140899197,0.12748081168960496,macro_f1_proportion
EXP-XAI-FIDELITY-001,MODEL-C1,PERMUTATION_IMPORTANCE_MACRO_F1,3,1,[4],8,-0.07181689605768876,-0.02398010324068709,-0.04783679281700167,macro_f1_proportion
EXP-XAI-FIDELITY-001,MODEL-C1,PERMUTATION_IMPORTANCE_MACRO_F1,3,2,"[4, 12]",16,-0.07633724465887659,0.0049119549214214405,-0.08124919958029803,macro_f1_proportion
EXP-XAI-FIDELITY-001,MODEL-C1,PERMUTATION_IMPORTANCE_MACRO_F1,3,3,"[4, 12, 11]",24,0.035371104249276364,0.03129061745459265,0.004080486794683716,macro_f1_proportion
EXP-XAI-FIDELITY-001,MODEL-C1,PERMUTATION_IMPORTANCE_MACRO_F1,4,1,[4],8,0.010807555661652757,-0.03176638954270504,0.042573945204357797,macro_f1_proportion
EXP-XAI-FIDELITY-001,MODEL-C1,PERMUTATION_IMPORTANCE_MACRO_F1,4,2,"[4, 12]",16,-0.06533383891048122,-0.004778002539428862,-0.060555836371052364,macro_f1_proportion
EXP-XAI-FIDELITY-001,MODEL-C1,PERMUTATION_IMPORTANCE_MACRO_F1,4,3,"[4, 12, 11]",24,-0.05808464302082372,-0.0159526492370448,-0.04213199378377892,macro_f1_proportion
EXP-XAI-FIDELITY-001,MODEL-C1,PERMUTATION_IMPORTANCE_MACRO_F1,5,1,[12],8,0.020950865222710113,-0.01111081485982775,0.03206168008253786,macro_f1_proportion
EXP-XAI-FIDELITY-001,MODEL-C1,PERMUTATION_IMPORTANCE_MACRO_F1,5,2,"[12, 16]",16,0.03625571177429629,0.005611493070066636,0.030644218704229655,macro_f1_proportion
EXP-XAI-FIDELITY-001,MODEL-C1,PERMUTATION_IMPORTANCE_MACRO_F1,5,3,"[12, 16, 14]",24,-0.07420141089214694,0.002713439525545024,-0.07691485041769196,macro_f1_proportion
EXP-XAI-FIDELITY-001,MODEL-C1,PERMUTATION_IMPORTANCE_MACRO_F1,6,1,[14],8,0.024968275947821583,0.007662361629049746,0.017305914318771837,macro_f1_proportion
EXP-XAI-FIDELITY-001,MODEL-C1,PERMUTATION_IMPORTANCE_MACRO_F1,6,2,"[14, 13]",16,-0.04730762482571543,3.20333999151536e-05,-0.04733965822563058,macro_f1_proportion
EXP-XAI-FIDELITY-001,MODEL-C1,PERMUTATION_IMPORTANCE_MACRO_F1,6,3,"[14, 13, 7]",24,0.0020970872982050415,0.005254302146496025,-0.0031572148482909837,macro_f1_proportion
EXP-XAI-FIDELITY-001,MODEL-C1,PERMUTATION_IMPORTANCE_MACRO_F1,7,1,[7],8,0.0588130980982115,0.035399911340114644,0.02341318675809686,macro_f1_proportion
EXP-XAI-FIDELITY-001,MODEL-C1,PERMUTATION_IMPORTANCE_MACRO_F1,7,2,"[7, 16]",16,0.07162303869616685,0.04240770642175605,0.029215332274410796,macro_f1_proportion
EXP-XAI-FIDELITY-001,MODEL-C1,PERMUTATION_IMPORTANCE_MACRO_F1,7,3,"[7, 16, 15]",24,0.08286014535874339,0.042219291954029,0.04064085340471439,macro_f1_proportion
EXP-XAI-FIDELITY-001,MODEL-C1,PERMUTATION_IMPORTANCE_MACRO_F1,8,1,[13],8,0.16141021250170104,0.03914697593443409,0.12226323656726695,macro_f1_proportion
EXP-XAI-FIDELITY-001,MODEL-C1,PERMUTATION_IMPORTANCE_MACRO_F1,8,2,"[13, 14]",16,0.14245141849843343,0.09408789334648174,0.04836352515195169,macro_f1_proportion
EXP-XAI-FIDELITY-001,MODEL-C1,PERMUTATION_IMPORTANCE_MACRO_F1,8,3,"[13, 14, 5]",24,0.13163526879260176,0.12082172935350387,0.010813539439097894,macro_f1_proportion
EXP-XAI-FIDELITY-001,MODEL-C1,PERMUTATION_IMPORTANCE_MACRO_F1,9,1,[7],8,-0.18756090820630847,-0.07747298666234945,-0.11008792154395902,macro_f1_proportion
EXP-XAI-FIDELITY-001,MODEL-C1,PERMUTATION_IMPORTANCE_MACRO_F1,9,2,"[7, 16]",16,-0.17281382873707676,-0.06347550403105133,-0.10933832470602543,macro_f1_proportion
EXP-XAI-FIDELITY-001,MODEL-C1,PERMUTATION_IMPORTANCE_MACRO_F1,9,3,"[7, 16, 8]",24,-0.03989850114043661,-0.07121126287337458,0.03131276173293797,macro_f1_proportion
EXP-XAI-FIDELITY-001,MODEL-C1,PERMUTATION_IMPORTANCE_MACRO_F1,10,1,[9],8,-0.050713376226915075,-0.000782055482533144,-0.04993132074438193,macro_f1_proportion
EXP-XAI-FIDELITY-001,MODEL-C1,PERMUTATION_IMPORTANCE_MACRO_F1,10,2,"[9, 13]",16,-0.031051029044026235,0.02129985515355953,-0.05235088419758577,macro_f1_proportion
EXP-XAI-FIDELITY-001,MODEL-C1,PERMUTATION_IMPORTANCE_MACRO_F1,10,3,"[9, 13, 4]",24,-0.00813173391542138,0.0368285903806574,-0.04496032429607878,macro_f1_proportion
EXP-XAI-FIDELITY-001,MODEL-C2,PERMUTATION_IMPORTANCE_MACRO_F1,2,1,[1],8,0.25249671434268295,0.03984553780159912,0.21265117654108384,macro_f1_proportion
EXP-XAI-FIDELITY-001,MODEL-C2,PERMUTATION_IMPORTANCE_MACRO_F1,2,2,"[1, 3]",16,0.31307986570836305,0.04715258002189751,0.2659272856864655,macro_f1_proportion
EXP-XAI-FIDELITY-001,MODEL-C2,PERMUTATION_IMPORTANCE_MACRO_F1,2,3,"[1, 3, 2]",24,0.47116044583993544,0.12241718543729403,0.3487432604026414,macro_f1_proportion
EXP-XAI-FIDELITY-001,MODEL-C2,PERMUTATION_IMPORTANCE_MACRO_F1,3,1,[9],8,0.1922198790020616,0.07803833279165433,0.11418154621040728,macro_f1_proportion
EXP-XAI-FIDELITY-001,MODEL-C2,PERMUTATION_IMPORTANCE_MACRO_F1,3,2,"[9, 10]",16,0.26691963594393614,0.14410352490678424,0.1228161110371519,macro_f1_proportion
EXP-XAI-FIDELITY-001,MODEL-C2,PERMUTATION_IMPORTANCE_MACRO_F1,3,3,"[9, 10, 1]",24,0.5605597294586617,0.20128354660867429,0.3592761828499874,macro_f1_proportion
EXP-XAI-FIDELITY-001,MODEL-C2,PERMUTATION_IMPORTANCE_MACRO_F1,4,1,[2],8,0.17946343944781856,0.059761121673009544,0.11970231777480903,macro_f1_proportion
EXP-XAI-FIDELITY-001,MODEL-C2,PERMUTATION_IMPORTANCE_MACRO_F1,4,2,"[2, 1]",16,0.2832805851148464,0.0687435171058199,0.2145370680090265,macro_f1_proportion
EXP-XAI-FIDELITY-001,MODEL-C2,PERMUTATION_IMPORTANCE_MACRO_F1,4,3,"[2, 1, 9]",24,0.41120709180685555,0.16355024755930547,0.24765684424755008,macro_f1_proportion
EXP-XAI-FIDELITY-001,MODEL-C2,PERMUTATION_IMPORTANCE_MACRO_F1,5,1,[1],8,0.19012411012411007,0.048456616595562114,0.14166749352854796,macro_f1_proportion
EXP-XAI-FIDELITY-001,MODEL-C2,PERMUTATION_IMPORTANCE_MACRO_F1,5,2,"[1, 10]",16,0.4012121212121212,0.07880114906558906,0.32241097214653214,macro_f1_proportion
EXP-XAI-FIDELITY-001,MODEL-C2,PERMUTATION_IMPORTANCE_MACRO_F1,5,3,"[1, 10, 9]",24,0.40188479388479387,0.09191877281270129,0.3099660210720926,macro_f1_proportion
EXP-XAI-FIDELITY-001,MODEL-C2,PERMUTATION_IMPORTANCE_MACRO_F1,6,1,[1],8,0.16363032754769521,0.0028744919531499,0.16075583559454532,macro_f1_proportion
EXP-XAI-FIDELITY-001,MODEL-C2,PERMUTATION_IMPORTANCE_MACRO_F1,6,2,"[1, 4]",16,0.16549441161764725,0.05860430484352604,0.10689010677412121,macro_f1_proportion
EXP-XAI-FIDELITY-001,MODEL-C2,PERMUTATION_IMPORTANCE_MACRO_F1,6,3,"[1, 4, 10]",24,0.3194584403638708,0.09454858747555675,0.22490985288831403,macro_f1_proportion
EXP-XAI-FIDELITY-001,MODEL-C2,PERMUTATION_IMPORTANCE_MACRO_F1,7,1,[10],8,0.026871810564948806,0.022143824992764474,0.004727985572184332,macro_f1_proportion
EXP-XAI-FIDELITY-001,MODEL-C2,PERMUTATION_IMPORTANCE_MACRO_F1,7,2,"[10, 1]",16,0.26110407252640455,0.036483925071505226,0.22462014745489933,macro_f1_proportion
EXP-XAI-FIDELITY-001,MODEL-C2,PERMUTATION_IMPORTANCE_MACRO_F1,7,3,"[10, 1, 2]",24,0.22772937944843397,0.05232659149093795,0.17540278795749603,macro_f1_proportion
EXP-XAI-FIDELITY-001,MODEL-C2,PERMUTATION_IMPORTANCE_MACRO_F1,8,1,[13],8,0.04473518350055489,0.010960299664172635,0.033774883836382254,macro_f1_proportion
EXP-XAI-FIDELITY-001,MODEL-C2,PERMUTATION_IMPORTANCE_MACRO_F1,8,2,"[13, 10]",16,0.049368508178211146,0.02618652855519448,0.023181979623016664,macro_f1_proportion
EXP-XAI-FIDELITY-001,MODEL-C2,PERMUTATION_IMPORTANCE_MACRO_F1,8,3,"[13, 10, 2]",24,0.042371231905720785,0.06037222789135714,-0.018000995985636356,macro_f1_proportion
EXP-XAI-FIDELITY-001,MODEL-C2,PERMUTATION_IMPORTANCE_MACRO_F1,9,1,[13],8,0.159059736662686,0.06550964838995238,0.09355008827273362,macro_f1_proportion
EXP-XAI-FIDELITY-001,MODEL-C2,PERMUTATION_IMPORTANCE_MACRO_F1,9,2,"[13, 10]",16,0.13552321540340823,0.11342567907314578,0.022097536330262443,macro_f1_proportion
EXP-XAI-FIDELITY-001,MODEL-C2,PERMUTATION_IMPORTANCE_MACRO_F1,9,3,"[13, 10, 6]",24,0.1543228564681248,0.1335114188510714,0.020811437617053397,macro_f1_proportion
EXP-XAI-FIDELITY-001,MODEL-C2,PERMUTATION_IMPORTANCE_MACRO_F1,10,1,[10],8,-0.057519062021846756,0.022867432270659172,-0.08038649429250593,macro_f1_proportion
EXP-XAI-FIDELITY-001,MODEL-C2,PERMUTATION_IMPORTANCE_MACRO_F1,10,2,"[10, 2]",16,0.07200864641416665,0.02603526698328606,0.04597337943088059,macro_f1_proportion
EXP-XAI-FIDELITY-001,MODEL-C2,PERMUTATION_IMPORTANCE_MACRO_F1,10,3,"[10, 2, 9]",24,0.06342218145716591,0.04680600635252009,0.016616175104645824,macro_f1_proportion
EXP-XAI-FIDELITY-001,MODEL-C3,PERMUTATION_IMPORTANCE_MACRO_F1,2,1,[13],8,0.0034186795673762926,0.10508708378122075,-0.10166840421384446,macro_f1_proportion
EXP-XAI-FIDELITY-001,MODEL-C3,PERMUTATION_IMPORTANCE_MACRO_F1,2,2,"[13, 7]",16,0.06342228269919048,0.1673372430082516,-0.10391496030906111,macro_f1_proportion
EXP-XAI-FIDELITY-001,MODEL-C3,PERMUTATION_IMPORTANCE_MACRO_F1,2,3,"[13, 7, 2]",24,0.29007776394928897,0.21245092135591617,0.0776268425933728,macro_f1_proportion
EXP-XAI-FIDELITY-001,MODEL-C3,PERMUTATION_IMPORTANCE_MACRO_F1,3,1,[5],8,-0.08593871550209892,0.018878378624764883,-0.1048170941268638,macro_f1_proportion
EXP-XAI-FIDELITY-001,MODEL-C3,PERMUTATION_IMPORTANCE_MACRO_F1,3,2,"[5, 2]",16,0.10853043702094281,0.051034708885120024,0.057495728135822786,macro_f1_proportion
EXP-XAI-FIDELITY-001,MODEL-C3,PERMUTATION_IMPORTANCE_MACRO_F1,3,3,"[5, 2, 1]",24,0.16856949077308678,0.08689598808094288,0.08167350269214389,macro_f1_proportion
EXP-XAI-FIDELITY-001,MODEL-C3,PERMUTATION_IMPORTANCE_MACRO_F1,4,1,[15],8,-0.01439621517493711,0.0033869556069856294,-0.01778317078192274,macro_f1_proportion
EXP-XAI-FIDELITY-001,MODEL-C3,PERMUTATION_IMPORTANCE_MACRO_F1,4,2,"[15, 16]",16,0.02172189822479953,0.011964368637472134,0.009757529587327396,macro_f1_proportion
EXP-XAI-FIDELITY-001,MODEL-C3,PERMUTATION_IMPORTANCE_MACRO_F1,4,3,"[15, 16, 11]",24,0.12417025201005169,0.02834824890554991,0.09582200310450179,macro_f1_proportion
EXP-XAI-FIDELITY-001,MODEL-C3,PERMUTATION_IMPORTANCE_MACRO_F1,5,1,[15],8,0.007914994081012344,0.012182527310091628,-0.004267533229079284,macro_f1_proportion
EXP-XAI-FIDELITY-001,MODEL-C3,PERMUTATION_IMPORTANCE_MACRO_F1,5,2,"[15, 3]",16,0.016517144618646756,0.017942062754475744,-0.0014249181358289877,macro_f1_proportion
EXP-XAI-FIDELITY-001,MODEL-C3,PERMUTATION_IMPORTANCE_MACRO_F1,5,3,"[15, 3, 2]",24,0.016517144618646756,0.018755819122082056,-0.0022386745034353,macro_f1_proportion
EXP-XAI-FIDELITY-001,MODEL-C3,PERMUTATION_IMPORTANCE_MACRO_F1,6,1,[15],8,-0.051988368303123006,-0.021350417586619173,-0.030637950716503833,macro_f1_proportion
EXP-XAI-FIDELITY-001,MODEL-C3,PERMUTATION_IMPORTANCE_MACRO_F1,6,2,"[15, 16]",16,-0.06199399744871009,-0.040446133911358956,-0.021547863537351136,macro_f1_proportion
EXP-XAI-FIDELITY-001,MODEL-C3,PERMUTATION_IMPORTANCE_MACRO_F1,6,3,"[15, 16, 8]",24,-0.0487220334579154,-0.04035757302192504,-0.008364460435990359,macro_f1_proportion
EXP-XAI-FIDELITY-001,MODEL-C3,PERMUTATION_IMPORTANCE_MACRO_F1,7,1,[7],8,-0.005675290481895245,0.017343736091761795,-0.02301902657365704,macro_f1_proportion
EXP-XAI-FIDELITY-001,MODEL-C3,PERMUTATION_IMPORTANCE_MACRO_F1,7,2,"[7, 16]",16,0.024682870562946074,0.03760784674922558,-0.012924976186279503,macro_f1_proportion
EXP-XAI-FIDELITY-001,MODEL-C3,PERMUTATION_IMPORTANCE_MACRO_F1,7,3,"[7, 16, 2]",24,0.09460734328340689,0.0657596810459597,0.028847662237447197,macro_f1_proportion
EXP-XAI-FIDELITY-001,MODEL-C3,PERMUTATION_IMPORTANCE_MACRO_F1,8,1,[5],8,-0.01701721615172791,-0.04450479817802924,0.027487582026301333,macro_f1_proportion
EXP-XAI-FIDELITY-001,MODEL-C3,PERMUTATION_IMPORTANCE_MACRO_F1,8,2,"[5, 4]",16,-0.007229058530063864,-0.030062408963404844,0.02283335043334098,macro_f1_proportion
EXP-XAI-FIDELITY-001,MODEL-C3,PERMUTATION_IMPORTANCE_MACRO_F1,8,3,"[5, 4, 13]",24,0.015633413320931627,-0.0038883441089310345,0.01952175742986266,macro_f1_proportion
EXP-XAI-FIDELITY-001,MODEL-C3,PERMUTATION_IMPORTANCE_MACRO_F1,9,1,[13],8,0.0007734243083903358,-0.04295183522513278,0.04372525953352312,macro_f1_proportion
EXP-XAI-FIDELITY-001,MODEL-C3,PERMUTATION_IMPORTANCE_MACRO_F1,9,2,"[13, 5]",16,-0.04127382822065398,-0.04337125665451369,0.0020974284338597105,macro_f1_proportion
EXP-XAI-FIDELITY-001,MODEL-C3,PERMUTATION_IMPORTANCE_MACRO_F1,9,3,"[13, 5, 14]",24,-0.04197597662639807,-0.04328557428663495,0.0013095976602368817,macro_f1_proportion
EXP-XAI-FIDELITY-001,MODEL-C3,PERMUTATION_IMPORTANCE_MACRO_F1,10,1,[13],8,0.0063900488413861645,0.016778155045887828,-0.010388106204501663,macro_f1_proportion
EXP-XAI-FIDELITY-001,MODEL-C3,PERMUTATION_IMPORTANCE_MACRO_F1,10,2,"[13, 14]",16,0.026525445208520904,0.02874585551152952,-0.0022204103030086172,macro_f1_proportion
EXP-XAI-FIDELITY-001,MODEL-C3,PERMUTATION_IMPORTANCE_MACRO_F1,10,3,"[13, 14, 11]",24,0.020247800691290507,0.07035662554684437,-0.05010882485555386,macro_f1_proportion
EXP-XAI-FIDELITY-001,MODEL-C4,PERMUTATION_IMPORTANCE_MACRO_F1,2,1,[2],8,0.12794744091427623,0.021060790962492658,0.10688664995178357,macro_f1_proportion
EXP-XAI-FIDELITY-001,MODEL-C4,PERMUTATION_IMPORTANCE_MACRO_F1,2,2,"[2, 9]",16,0.19000091462689594,0.043495533856406914,0.14650538077048902,macro_f1_proportion
EXP-XAI-FIDELITY-001,MODEL-C4,PERMUTATION_IMPORTANCE_MACRO_F1,2,3,"[2, 9, 4]",24,0.1193108696276799,0.0696695866410845,0.0496412829865954,macro_f1_proportion
EXP-XAI-FIDELITY-001,MODEL-C4,PERMUTATION_IMPORTANCE_MACRO_F1,3,1,[14],8,0.026150245245761594,0.012058833384766302,0.014091411860995292,macro_f1_proportion
EXP-XAI-FIDELITY-001,MODEL-C4,PERMUTATION_IMPORTANCE_MACRO_F1,3,2,"[14, 8]",16,0.044531441208829126,0.021878578230713874,0.02265286297811525,macro_f1_proportion
EXP-XAI-FIDELITY-001,MODEL-C4,PERMUTATION_IMPORTANCE_MACRO_F1,3,3,"[14, 8, 7]",24,0.023946964070758248,0.031647948259710984,-0.007700984188952736,macro_f1_proportion
EXP-XAI-FIDELITY-001,MODEL-C4,PERMUTATION_IMPORTANCE_MACRO_F1,4,1,[16],8,-0.0018766092295504633,0.00789405439139413,-0.009770663620944593,macro_f1_proportion
EXP-XAI-FIDELITY-001,MODEL-C4,PERMUTATION_IMPORTANCE_MACRO_F1,4,2,"[16, 15]",16,0.037039052904941194,0.019389240188144856,0.01764981271679634,macro_f1_proportion
EXP-XAI-FIDELITY-001,MODEL-C4,PERMUTATION_IMPORTANCE_MACRO_F1,4,3,"[16, 15, 11]",24,0.041818155806678026,0.01967880121137776,0.022139354595300267,macro_f1_proportion
EXP-XAI-FIDELITY-001,MODEL-C4,PERMUTATION_IMPORTANCE_MACRO_F1,5,1,[3],8,0.0,0.0008672805199085661,-0.0008672805199085661,macro_f1_proportion
EXP-XAI-FIDELITY-001,MODEL-C4,PERMUTATION_IMPORTANCE_MACRO_F1,5,2,"[3, 1]",16,0.0,0.0011729265188859769,-0.0011729265188859769,macro_f1_proportion
EXP-XAI-FIDELITY-001,MODEL-C4,PERMUTATION_IMPORTANCE_MACRO_F1,5,3,"[3, 1, 13]",24,0.007867246463737654,0.010262392077732855,-0.0023951456139952015,macro_f1_proportion
EXP-XAI-FIDELITY-001,MODEL-C4,PERMUTATION_IMPORTANCE_MACRO_F1,6,1,[13],8,0.1405670019492273,-0.05180824285019468,0.19237524479942197,macro_f1_proportion
EXP-XAI-FIDELITY-001,MODEL-C4,PERMUTATION_IMPORTANCE_MACRO_F1,6,2,"[13, 7]",16,0.13533729629788266,-0.021211862908071193,0.15654915920595386,macro_f1_proportion
EXP-XAI-FIDELITY-001,MODEL-C4,PERMUTATION_IMPORTANCE_MACRO_F1,6,3,"[13, 7, 3]",24,0.14359022743097166,0.007378401028449016,0.13621182640252263,macro_f1_proportion
EXP-XAI-FIDELITY-001,MODEL-C4,PERMUTATION_IMPORTANCE_MACRO_F1,7,1,[13],8,0.06669705559116795,0.0010310157868170984,0.06566603980435086,macro_f1_proportion
EXP-XAI-FIDELITY-001,MODEL-C4,PERMUTATION_IMPORTANCE_MACRO_F1,7,2,"[13, 3]",16,0.03979720996637781,0.005717104360439238,0.034080105605938577,macro_f1_proportion
EXP-XAI-FIDELITY-001,MODEL-C4,PERMUTATION_IMPORTANCE_MACRO_F1,7,3,"[13, 3, 2]",24,0.03920644512438021,0.0050445384509102366,0.03416190667346997,macro_f1_proportion
EXP-XAI-FIDELITY-001,MODEL-C4,PERMUTATION_IMPORTANCE_MACRO_F1,8,1,[4],8,0.0037420496682555593,-0.043309298989866164,0.047051348658121724,macro_f1_proportion
EXP-XAI-FIDELITY-001,MODEL-C4,PERMUTATION_IMPORTANCE_MACRO_F1,8,2,"[4, 14]",16,-0.02734626001176524,-0.038168778215498605,0.010822518203733367,macro_f1_proportion
EXP-XAI-FIDELITY-001,MODEL-C4,PERMUTATION_IMPORTANCE_MACRO_F1,8,3,"[4, 14, 13]",24,0.11096885557026616,-0.040878700779682337,0.1518475563499485,macro_f1_proportion
EXP-XAI-FIDELITY-001,MODEL-C4,PERMUTATION_IMPORTANCE_MACRO_F1,9,1,[5],8,0.00024382817567691895,-0.03776376918270315,0.038007597358380066,macro_f1_proportion
EXP-XAI-FIDELITY-001,MODEL-C4,PERMUTATION_IMPORTANCE_MACRO_F1,9,2,"[5, 7]",16,-0.14220414486115596,-0.07176314296561652,-0.07044100189553944,macro_f1_proportion
EXP-XAI-FIDELITY-001,MODEL-C4,PERMUTATION_IMPORTANCE_MACRO_F1,9,3,"[5, 7, 13]",24,-0.05465629557835569,-0.055216678665738685,0.0005603830873829943,macro_f1_proportion
EXP-XAI-FIDELITY-001,MODEL-C4,PERMUTATION_IMPORTANCE_MACRO_F1,10,1,[13],8,0.05247286814480023,-0.009798163990877878,0.06227103213567811,macro_f1_proportion
EXP-XAI-FIDELITY-001,MODEL-C4,PERMUTATION_IMPORTANCE_MACRO_F1,10,2,"[13, 16]",16,0.013701377590610686,0.0075896771625729,0.006111700428037786,macro_f1_proportion
EXP-XAI-FIDELITY-001,MODEL-C4,PERMUTATION_IMPORTANCE_MACRO_F1,10,3,"[13, 16, 4]",24,0.02026128491526158,0.013205584821574134,0.007055700093687445,macro_f1_proportion
